WT residue type,chain ID,Residue #,G,A,V,L,I,M,F,W,P,S,T,C,Y,N,Q,D,E,K,R,H
M,A,1,0.89138,0.89336,1.00274,0.60359,0.96753,-0.00538,0.28476,-0.31044,1.03427,0.50479,0.86781,0.51746,0.70256,0.46489,0.48159,0.86983,0.78672,0.69839,0.56356,0.4833
P,A,2,1.97498,1.1866,1.5222,0.55044,0.9007,0.87773,0.60291,0.57206,-0.00121,1.7173,1.65206,1.32712,-0.05657,1.59709,1.20664,1.57103,1.08665,0.84107,1.23967,1.22017
S,A,3,0.36754,-0.15027,0.20277,-0.38747,-0.08443,-0.35193,-0.46993,-0.10708,-1.2225,-0.00091,-0.20381,-0.1043,0.07337,-0.5362,-0.50183,-1.27141,-1.02974,-0.36508,-0.01345,0.04332
E,A,4,0.51018,0.18776,0.49109,-0.00818,0.31362,0.02757,-0.07163,-0.19014,-1.002,0.37121,0.46163,0.47662,-0.11516,0.40728,0.29903,0.21097,-0.00324,0.05707,0.15965,0.39122
K,A,5,1.81758,0.73375,1.13349,0.32058,1.01271,0.5022,0.51537,0.94568,0.57294,1.58084,1.93222,1.30407,0.68592,0.83059,0.50972,0.00395,0.10198,-0.09356,0.33716,0.66881
T,A,6,-0.0243,-0.58177,0.15349,-0.93968,-0.32668,-1.06954,-1.276,0.31334,-1.48901,-0.69495,0.00232,-0.1814,-1.4927,-0.98259,-0.60865,0.92721,0.27375,0.07906,-0.51831,0.58373
F,A,7,4.31981,3.19004,2.35633,1.162,2.34089,0.71171,-0.01101,0.90998,3.16204,3.58401,2.75522,3.4245,-0.48748,3.18652,2.98329,3.60168,2.54857,3.83313,4.0698,2.50133
K,A,8,1.33942,0.95036,1.06744,-0.37811,0.37835,-0.38534,1.852,2.62313,-0.78762,0.76909,0.50031,0.92405,2.31274,1.61572,0.00527,1.16382,0.56469,-0.01533,-0.32163,2.66416
Q,A,9,1.07284,0.44934,1.46796,0.23935,1.10918,0.15847,0.23202,0.39371,0.59301,0.33701,1.27137,0.42937,0.25902,0.26334,-0.0009,-0.59763,-0.10206,0.26983,0.54797,0.33113
R,A,10,1.50648,0.94285,2.00349,0.40628,1.51709,0.57147,1.19367,1.06086,3.51517,0.47016,0.8116,0.0159,1.37689,1.18138,0.5528,1.17819,0.89974,0.55267,-0.11306,1.0953
R,A,11,1.60394,0.52526,0.12347,-1.07029,-0.01217,-1.00192,-1.03413,-0.57351,2.70736,0.44954,-0.04031,0.52999,-0.94469,0.77153,0.05928,1.1348,0.42518,-0.28961,-0.03632,0.00234
T,A,12,-0.18465,-0.02637,1.19078,0.67589,1.76812,1.1417,0.73071,1.42602,-0.73674,-1.15677,-0.08152,0.33342,0.99997,-0.61368,0.97065,-2.48695,-0.85974,0.87912,1.19757,1.02753
F,A,13,1.97781,1.23886,1.41602,0.36773,1.19202,0.11763,0.00387,-0.07089,-0.48951,1.53533,1.35454,1.61326,-0.07742,0.78023,0.95614,0.98031,0.53574,1.10822,1.39579,1.62291
E,A,14,2.3215,1.65648,1.98089,1.50375,1.62227,1.18262,1.63164,1.29259,0.23748,1.70498,1.82925,2.4476,1.66604,1.99587,1.28688,0.98469,-0.06706,1.5646,1.88149,2.35133
Q,A,15,0.91429,-0.03038,0.28572,-0.16552,-0.03339,-0.14496,0.36226,0.42031,-0.93632,0.5613,0.3639,0.84048,0.36994,0.73164,-0.00494,0.12586,-0.49762,0.19875,0.44974,0.85568
R,A,16,3.32422,1.7698,3.29267,0.95055,1.94806,-0.49897,5.13563,14.47799,4.48925,2.08354,2.81178,2.06114,12.39386,2.21204,2.67628,4.89725,5.01515,1.05163,-0.07022,5.0935
V,A,17,1.04714,0.28805,-1e-05,-0.5146,0.21696,-0.63698,-0.07063,-0.26016,4.33709,0.57412,-0.37937,0.92835,-0.01915,0.71049,0.10136,0.83777,0.3004,-0.22406,-0.01232,0.66975
E,A,18,0.80371,0.11638,0.14413,-0.61758,-0.46115,-0.86283,-0.63005,-0.76598,2.00903,0.21572,0.59424,0.55913,-0.59685,-0.45589,-0.37026,0.32934,-0.00397,-0.42619,-0.19582,0.2776
D,A,19,0.90016,-0.2373,0.47279,-0.99283,-0.05181,-1.06425,-0.08222,0.30814,3.21221,0.89934,0.24018,0.59973,0.16792,0.1301,-0.52497,-0.01766,-0.04418,-0.03902,0.33641,0.45271
V,A,20,2.64221,1.19629,-0.00171,1.30186,-0.02337,-0.0297,0.54227,0.27694,6.11629,1.77386,1.1128,0.80992,0.68284,2.55151,1.59469,2.99601,1.96824,1.09345,0.86794,2.22625
R,A,21,1.25467,0.27316,0.46876,-0.31685,-0.4789,-0.78282,-0.181,-0.21743,3.90975,0.75898,0.95869,0.99658,-0.13355,0.4552,-0.0652,0.97625,0.52442,-0.1429,-0.03019,0.11746
L,A,22,0.88764,0.22284,0.49463,0.00535,0.0723,0.03785,0.0118,0.02569,2.35063,0.13067,0.5436,0.87661,0.17051,0.09555,0.16342,0.7447,0.8733,0.13159,0.11167,0.93243
I,A,23,2.9618,1.91735,0.28203,0.47161,-0.00834,-0.39056,1.84938,1.70642,4.88245,2.34532,1.54136,1.46773,1.99584,2.02127,1.79457,2.90244,2.1585,1.64956,1.57628,1.99768
R,A,24,2.17424,1.32785,1.22092,-0.37329,0.08196,-0.61824,0.4378,0.05015,5.12647,1.40453,1.82976,1.75764,0.69014,0.90909,0.81145,2.34638,1.6685,-0.07707,-0.32843,1.79237
E,A,25,0.56947,-0.04081,0.33658,-0.37928,-0.12762,-0.55759,-0.23818,0.08866,1.94913,-0.18503,0.43275,0.56037,0.06351,-0.07238,-0.41989,0.62366,-0.0,-0.62501,-0.86142,-0.01995
Q,A,26,0.33113,-0.11497,0.54745,-0.48379,-0.09088,-0.96781,-0.39432,-0.74521,2.07882,-1.00242,-0.83097,0.66676,-0.41798,-0.16558,-3e-05,0.55146,0.01477,-0.31778,-0.97987,-0.04023
H,A,27,1.99295,0.25657,1.17711,-0.78572,1.25923,-0.12357,-0.80802,-0.06275,4.15457,1.17327,1.55806,0.63418,-0.49875,0.27275,-0.27508,1.3499,1.44162,-0.07585,-0.61016,0.01359
P,A,28,1.69246,1.41156,1.75691,1.47199,1.61867,1.33632,1.37624,1.45909,0.02982,1.3415,1.51681,1.60337,1.41053,1.25449,0.95587,1.79235,1.66642,0.42753,-0.03971,1.60632
T,A,29,-0.33678,-0.33191,-0.11773,-0.83692,-0.22476,-0.81705,-0.98965,-0.60803,-0.52053,-1.26728,-0.00048,-0.07938,-0.8135,-1.28417,-0.69232,-0.42066,-0.70531,-0.98532,-0.89302,-0.3549
K,A,30,2.99565,1.57957,1.29931,-0.88716,1.98295,-0.57834,-1.05394,0.18181,5.15692,2.76957,1.44814,1.26011,-0.83424,1.89849,1.08641,2.82582,2.01179,-0.00268,0.35308,1.12447
I,A,31,5.43084,3.33257,0.70098,0.69349,-0.01291,1.12138,5.41401,4.95441,4.85647,4.75503,2.85964,2.6565,5.77572,2.75004,2.9744,4.32036,3.81644,3.00376,2.85362,3.50831
P,A,32,4.09961,2.44804,0.82496,1.55792,2.35216,1.82834,6.18503,15.96602,0.00187,4.22136,3.38253,1.87889,8.72758,4.60243,5.12681,6.08928,5.1786,4.38512,5.23134,8.35755
V,A,33,5.84272,4.02831,-0.00018,0.96344,-0.03131,1.95929,10.96165,15.6197,8.3586,4.68722,2.44751,2.80002,12.34558,4.59941,5.49373,6.40551,6.89315,7.21828,11.58466,10.18512
I,A,34,6.26578,4.72273,1.05083,0.81112,-0.01556,0.78951,5.80593,12.3681,5.15549,5.65916,3.74826,3.65493,7.86134,3.07992,4.43403,4.8502,3.11981,5.70819,5.65333,8.81036
I,A,35,6.98937,5.03156,1.4513,1.47935,-0.00071,0.48728,5.21799,9.05553,9.358,6.17605,4.20622,4.13717,8.7845,4.90885,3.18652,5.94619,5.271,5.26067,7.12199,6.27646
E,A,36,1.97861,1.66917,0.16739,-1.18681,-0.07486,-1.10229,-1.13341,0.44609,2.56806,1.26072,0.61298,1.26271,-0.74425,1.35173,0.51935,1.06449,-0.03766,0.83185,1.32967,1.66515
R,A,37,1.74569,0.82886,0.44061,-0.06019,-0.03077,-0.52066,-0.20725,-1.03258,-0.69915,1.68806,1.52814,0.74637,0.48235,1.52187,1.10446,2.17267,1.4235,-0.69956,0.05588,1.34698
Y,A,38,2.49244,1.19585,0.55694,-0.39409,0.70515,-0.46603,-0.13144,-0.06646,6.81541,2.47839,2.36024,1.50222,-0.01867,2.03663,1.50974,2.51078,1.96088,0.52274,0.49216,1.13932
K,A,39,0.88551,0.90337,0.69168,0.30645,0.29545,0.15489,0.1611,-0.32914,-0.29702,0.84939,0.71992,0.48322,0.30196,0.43977,0.62084,0.35734,0.46744,-0.00146,0.08133,0.53071
G,A,40,-0.0,3.50178,4.65711,3.47907,4.20071,3.05946,3.4349,3.43257,6.12641,3.65217,4.52448,3.54985,3.48214,3.54671,3.16137,3.66114,3.59653,3.32312,3.01163,3.64746
E,A,41,4.5298,3.24114,2.10888,2.34507,3.47027,4.03341,9.5823,23.90424,6.49523,4.2396,3.30633,2.64528,15.76556,2.31472,5.43732,1.36845,-0.00076,8.81568,15.95484,11.47068
K,A,42,0.20424,0.44492,0.58942,0.54717,0.36261,0.37326,0.09142,0.31963,1.39993,0.23876,0.45915,0.42434,0.06035,0.35434,0.1901,0.49156,0.35061,-0.00217,0.04127,0.27227
Q,A,43,0.8978,0.64821,0.67667,-0.48419,-0.15654,-0.49,-0.17417,-0.04943,2.96991,0.75787,1.17379,1.07391,0.05573,0.65493,-0.0,0.65674,0.47241,-0.13257,0.10573,0.40914
L,A,44,5.13693,3.22634,1.9518,0.02171,1.27986,0.82896,2.80476,4.29053,6.10845,4.81141,4.92268,3.21352,7.35599,4.15417,4.09839,5.45443,5.22651,2.9153,2.19206,2.91837
P,A,45,2.86656,2.3318,2.47325,1.91849,2.02481,1.47907,2.36724,2.65848,-0.00129,2.24981,2.57945,2.06103,2.43215,2.35991,2.34036,2.01015,2.09873,2.07941,1.76871,2.26165
V,A,46,1.58294,0.8003,-0.00016,-0.75405,-0.67711,-0.98719,-0.8797,-0.7762,-0.56049,1.01386,0.55131,0.51226,-0.0498,0.55359,0.5889,1.09191,0.24937,0.63486,0.66601,-0.02885
L,A,47,3.84993,2.90804,1.37846,-0.0126,1.63764,-0.48279,3.3583,10.26048,2.04699,2.8368,1.773,2.61018,9.3283,3.31608,2.52415,3.25247,3.39054,2.92046,5.89681,3.29883
D,A,48,0.21668,-0.02284,-0.04253,-0.43926,-0.14423,-0.6354,-0.63837,-0.01997,-1.26245,0.1644,-0.05806,-0.01614,-0.46865,0.12746,-0.52206,-0.03262,-0.40274,-0.63156,-0.60892,0.26118
K,A,49,0.83032,0.71171,0.19825,-0.50548,-0.10409,-0.20295,0.34325,0.68885,2.18827,0.83903,0.50323,0.37432,0.13184,0.5357,-0.04913,0.45597,0.30196,-0.00949,0.11891,0.12359
T,A,50,0.68311,-0.2936,-0.83487,-1.20809,-1.4338,-1.411,-1.95549,-0.12316,-0.68478,-0.13047,-0.0022,-0.31018,-0.85362,-0.77802,-0.45973,0.21994,-0.6002,-0.15499,-0.61682,-0.92003
K,A,51,1.6673,1.16064,-0.06072,-0.65502,-0.62706,-1.20384,-1.06138,-0.1244,1.06083,1.52896,0.9216,0.6411,0.35133,0.50383,0.09566,0.20344,-0.07605,-0.01267,0.51252,0.89126
F,A,52,4.1047,3.12514,1.81932,0.8783,1.47254,-0.05441,-0.02594,0.30358,7.83409,3.67377,3.20163,2.58508,0.17269,3.40673,2.97509,3.77758,2.81694,2.33363,3.02101,2.81306
L,A,53,3.30057,2.6542,1.89407,-0.00232,1.40875,-0.36248,1.0935,1.32524,3.41191,3.01632,2.13299,1.8756,1.33224,2.20384,2.24148,2.43323,2.09877,1.72485,2.05967,2.04456
V,A,54,5.39882,3.25644,-0.00129,-0.7322,-0.76122,-0.5987,1.45191,3.17757,5.39666,3.81261,2.22828,2.01956,3.03641,3.15386,2.34304,4.02157,2.87154,2.57578,3.01456,3.84737
P,A,55,3.38916,2.08771,2.7224,1.98552,2.20535,1.72508,2.18786,2.05521,-0.00805,2.8266,3.1385,2.89901,2.73996,2.65864,2.14063,3.13971,1.57998,2.2886,2.55604,3.1454
D,A,56,0.47021,-0.47017,-0.71832,-0.70718,-0.78922,-0.94076,-0.669,-0.1602,-0.1065,0.46662,0.23965,0.19927,-0.57997,-0.40289,-0.17173,-0.00083,-0.19466,-0.85682,-0.56984,-0.18938
H,A,57,0.38787,0.35399,0.46529,-0.14316,-0.01825,-0.33302,-0.97941,-0.77312,0.85817,0.48246,0.74794,0.09356,-0.96683,0.18144,-0.17993,0.56359,0.15777,-0.37678,-0.22114,-0.01578
V,A,58,3.45757,1.6159,-0.0019,-1.06928,0.29592,-0.19742,-0.06307,0.53441,5.88441,2.49804,1.77346,1.52165,0.32481,1.4709,1.51243,3.64806,2.33707,0.95226,1.38691,2.38353
N,A,59,1.16588,1.60997,1.56083,1.14366,1.31602,1.4112,0.93078,2.70645,0.9678,1.06595,2.18316,2.2878,1.1527,0.00076,1.29888,-2.43568,1.35459,0.80311,1.07801,1.72402
M,A,60,5.75062,4.11177,2.32467,0.1386,0.7627,-0.01661,-0.09669,3.44755,5.19074,5.46422,4.6175,3.85678,2.16966,3.78696,3.26464,5.09941,4.52505,3.22381,3.29345,3.16983
S,A,61,0.89838,-0.35519,0.72855,-1.1628,-0.08087,-1.93009,-0.87491,-0.77938,3.80234,0.0001,1.19634,0.4085,-0.57073,0.22151,-0.76596,-0.1246,-0.7511,-0.67926,-0.1932,-0.10201
E,A,62,2.36181,1.18015,0.81398,0.01159,0.27438,-0.08412,0.13723,0.71064,1.4016,2.34926,1.96705,1.73393,0.35178,1.7912,0.57703,0.70308,-0.06227,0.69949,1.08073,1.261
L,A,63,5.9338,4.16933,1.50796,-0.01882,0.87195,0.28453,2.15224,6.09598,7.42669,4.48076,3.21943,4.05466,4.85301,4.61083,2.91754,5.23731,4.17471,4.55736,5.69872,3.69741
I,A,64,2.59494,1.63008,0.94503,-0.34981,0.01116,-0.25427,1.54187,1.04916,5.36796,1.77192,2.16179,1.85939,1.8182,1.31331,1.00403,2.14358,1.34961,1.11785,0.87749,1.56463
K,A,65,0.86505,-0.14657,0.80524,-0.49181,0.17884,-0.73931,-0.2136,-0.11447,2.57353,0.19911,1.23569,0.61014,-0.1641,-0.72111,-0.13588,-0.02572,-0.17473,-0.012,-0.06904,0.3182
I,A,66,2.27156,1.20382,0.98766,-0.24631,0.00668,-0.84475,-0.20837,-1.22248,4.72008,1.67732,1.63856,1.94566,0.10368,1.89118,1.22058,1.39741,1.0332,0.58321,0.84858,1.39891
I,A,67,5.80652,3.97776,1.32318,-0.09496,-0.01587,0.08304,4.46367,9.19562,6.14002,5.33967,3.70796,3.66763,5.90442,3.51119,2.95703,4.98847,4.13117,5.40454,9.20285,5.45427
R,A,68,0.9627,-0.05741,0.26015,-0.73163,-0.67947,0.09442,0.63436,1.4925,6.42265,1.20245,0.79597,0.87834,2.73652,0.68129,0.49321,1.58322,0.11014,-0.35752,-0.0,1.58397
R,A,69,1.04656,0.27253,1.09471,-0.1808,0.24022,-0.24872,-0.11956,-0.17837,2.4091,0.99874,1.39768,0.77861,-0.03132,0.1938,0.39854,1.00328,0.48428,0.20644,-0.01614,0.35317
R,A,70,2.22908,0.77041,0.71349,-0.83444,-0.64597,-0.52676,0.02857,0.08819,3.04268,1.47472,1.37913,1.12218,0.09161,0.77459,0.67708,1.71049,0.73262,0.11132,-0.00331,0.41247
L,A,71,5.43726,4.72548,4.71044,-0.0116,2.63164,-0.04367,14.7611,20.91338,8.18205,5.38852,6.42552,3.95317,17.50974,3.55081,3.40271,6.52998,5.02915,4.70151,9.2662,8.00021
Q,A,72,-0.04986,0.66601,2.05074,0.81821,2.99455,0.85017,0.4617,0.80972,6.18319,0.22233,1.2192,0.42014,0.4997,-0.21657,-0.03329,0.77847,0.83088,-0.58713,-0.35653,-0.28047
L,A,73,4.99685,3.54944,2.12801,-0.04064,1.56309,0.47354,4.50425,8.21042,7.54173,4.62285,4.93883,3.287,7.23863,4.31211,2.93544,5.10239,4.06253,3.46135,3.17743,3.88222
N,A,74,0.20686,-0.21224,0.44495,0.06678,0.1726,-0.47536,0.26138,0.64008,-1.15667,0.03786,0.52493,0.08066,0.23352,-0.00039,0.0587,-0.67014,-0.33475,-0.10463,0.04171,0.42289
A,A,75,0.56098,0.0,0.30448,0.19791,0.44393,0.17906,0.48774,0.61634,-0.91507,0.35825,0.41138,0.52654,0.48819,0.46008,-0.04328,0.13427,-0.09525,-0.32958,-0.08263,0.8551
N,A,76,0.4282,0.24446,0.29452,-0.50669,-0.04304,-0.12331,-0.11117,0.06276,-0.15524,0.1479,0.70409,-0.14475,0.00857,-0.00236,0.04178,-0.07832,-0.57251,-0.12209,0.07604,0.33827
Q,A,77,1.40635,0.69383,-0.70053,-0.75343,-1.115,-0.89226,-0.27601,-0.26345,0.66425,1.30076,0.07612,0.40481,-0.06175,0.24943,-0.00155,-0.28281,0.13119,-0.06752,-0.25953,0.21767
A,A,78,0.35489,0.0,0.12642,-1.04681,-0.20222,-0.75246,0.2353,0.17255,-0.74297,0.35469,0.14858,-0.01801,0.19539,0.37852,-0.23243,-0.49222,-0.50237,-0.66776,-0.92345,0.28201
F,A,79,4.87128,3.7468,4.18794,1.51189,3.55577,1.13281,-0.01631,1.28232,4.72864,4.62399,3.69197,3.54993,-0.3313,4.65549,4.33358,4.87847,4.73307,4.1165,5.40965,3.60699
F,A,80,2.96129,1.73752,0.04577,0.48034,-0.34629,0.46389,0.00159,1.13432,2.61261,2.66349,2.65426,1.16329,0.20933,2.14091,1.53234,2.57231,1.56296,1.05161,1.47051,1.76115
L,A,81,4.95673,4.21427,1.67254,0.00463,0.35469,-0.19412,8.00615,9.13352,4.19502,4.7899,3.31074,3.28632,9.686,4.07189,3.72932,4.6848,4.43873,4.62237,7.78955,4.14776
L,A,82,4.37246,3.30065,1.27942,-0.0127,0.49983,-0.22295,1.6745,3.2791,4.38926,4.41898,3.248,2.79872,3.58372,3.61266,2.12402,4.41266,3.52706,2.32841,2.5894,2.1375
V,A,83,4.54285,2.86772,0.00888,0.56772,-0.0816,-0.05278,7.92219,13.86088,2.9781,4.28425,2.57946,2.29599,10.59585,3.57052,3.94427,5.84909,5.26568,4.42251,6.76733,7.15087
N,A,84,1.8262,2.25238,3.53931,1.25953,2.64727,1.31752,1.93146,3.07181,7.1091,2.34139,2.89182,1.57472,2.00582,-0.00273,1.08682,3.13196,3.2997,1.1009,0.3003,2.18138
G,A,85,0.0,2.61915,3.58191,1.31478,3.27415,1.28442,3.16916,3.34603,4.07911,3.26937,3.84842,2.74779,2.9944,2.80116,2.34614,2.11356,2.35422,1.99807,1.89111,1.85393
H,A,86,0.68995,0.73862,0.81221,0.72726,0.55304,0.25127,0.2074,0.81059,2.7228,0.60319,0.87307,0.15193,0.24649,0.48415,-0.52267,0.41218,0.84914,0.01335,-0.89886,0.02222
S,A,87,1.50955,0.75664,0.03934,-0.35232,-0.44318,-0.35247,-0.25447,0.29199,1.91006,2e-05,-0.94313,0.50514,-0.24943,-0.14643,-0.18292,1.2988,1.02551,-0.24464,-0.17959,-0.2408
M,A,88,2.417,2.22978,1.81969,0.74177,1.26684,-0.00172,1.15193,1.36514,1.77121,2.35246,1.798,1.70941,1.50625,2.12622,1.5372,1.99291,1.52964,1.18085,1.36007,2.09949
V,A,89,3.16736,1.89528,-0.00023,0.07777,-0.34033,-0.15665,-0.89474,-0.07864,0.78788,2.81805,1.90156,1.26956,-0.52342,2.25638,1.00429,3.1307,1.39999,0.58459,0.32464,1.84636
S,A,90,0.99346,0.18857,0.84548,0.33498,0.77915,0.34684,0.24644,0.50125,-0.85085,-0.00101,0.87191,0.76019,-0.02887,0.45897,0.45389,-0.13011,-0.30898,0.41925,0.43415,0.6645
V,A,91,0.39095,-0.36152,-0.00059,-0.78363,-0.36668,-0.89888,-0.22259,-0.47821,-1.69739,0.04469,0.24874,0.11173,-0.19763,0.14567,-0.52212,-0.3739,-1.31567,-0.6626,-0.26186,0.09938
S,A,92,0.77089,0.69404,0.96278,0.28689,0.61793,0.18872,0.37448,0.28852,0.69806,4e-05,0.5202,0.52603,0.39771,0.28334,0.06718,-0.2301,0.02125,0.13878,0.29015,0.53995
T,A,93,2.09782,0.61254,-0.9048,-1.13736,-0.91698,-1.31821,-1.13198,-0.65129,5.17831,1.19741,0.00144,0.15839,-0.00851,1.08804,0.48322,1.14054,0.93711,-0.7536,-0.509,0.72594
P,A,94,1.49028,1.19179,2.09832,1.84496,2.29835,2.06313,1.16851,2.10416,-0.0092,1.05713,0.53257,2.51675,1.84508,2.11089,2.79047,1.34388,1.69207,2.1713,2.05806,2.35443
I,A,95,5.40955,3.66919,1.44893,0.09645,-0.00344,0.27666,3.52107,8.87684,6.46396,4.85596,3.15266,3.29983,7.04046,4.0355,3.79263,5.07975,4.92091,6.18421,9.20976,4.88554
S,A,96,0.34884,-0.81824,-0.82681,-1.05355,-1.47503,-1.51589,-1.19228,-0.60482,1.69547,-7e-05,-0.58826,-0.24731,-0.94349,-0.06323,-0.78386,0.41239,-0.15287,-0.9877,-0.64729,-0.36788
E,A,97,1.44165,0.35233,0.81659,-0.27761,0.29685,-0.5096,0.29366,0.09486,0.08065,0.96598,1.03354,0.99151,0.339,0.82843,-0.13757,0.72165,-0.00035,-0.19171,0.08649,0.81452
V,A,98,5.08118,2.69766,-0.00281,0.26091,-0.86589,-0.02674,8.48466,15.75306,4.75324,3.44854,1.88723,2.76208,14.81216,3.78811,3.65903,5.06609,5.18919,4.47619,4.99622,10.57518
Y,A,99,5.13433,3.51379,3.80209,1.95307,4.24234,0.99378,0.62125,1.91006,8.5929,4.06144,4.66842,3.98083,-0.00161,4.25179,4.03501,4.749,4.20981,2.66893,3.94386,3.63722
E,A,100,0.47442,-0.00596,0.4243,-0.28239,-0.09048,-0.41269,-0.46272,-0.05869,3.27463,-0.02187,-0.20668,0.29684,-0.0698,-0.07529,-0.02024,0.59515,-0.00942,-0.32516,-0.42504,-0.03793
S,A,101,0.40541,0.00019,-0.61321,-0.50984,-1.40695,-2.07815,-0.32188,0.06587,1.95088,-0.06122,0.00635,-0.37115,-0.33546,-0.32695,-0.35309,0.74342,0.28218,-1.3242,-1.06355,-0.7356
E,A,102,0.83389,0.60892,1.94948,-1.32649,1.09902,-0.92419,-1.12147,-0.12308,4.18438,0.49995,1.94253,0.21298,-1.0793,-1.05315,-0.38818,0.85304,-0.00232,-1.03361,-1.46848,-1.41555
K,A,103,2.10041,1.19584,0.93241,0.89757,1.6189,0.57184,1.12665,1.8293,2.10794,1.65607,1.49683,1.64824,1.1562,1.1982,0.76219,3.65855,2.31868,6e-05,0.41372,0.01827
D,A,104,-0.51319,-1.40405,0.41101,-1.11629,0.43295,-1.76182,-1.66629,-0.64635,1.05962,-0.2002,0.71916,-0.90701,-1.8918,-0.90605,-0.66612,-0.0858,-0.27603,-1.0976,-0.78958,-1.30934
E,A,105,0.46805,0.28293,0.34344,0.12904,0.01658,-0.28975,0.31258,0.14921,-0.6772,0.55083,0.47146,0.55032,0.35084,0.45412,-0.12246,0.43196,-0.01019,-0.12193,-0.20459,0.72733
D,A,106,2.13427,1.11846,3.06333,2.54007,1.97921,3.52059,9.10853,16.53948,1.72967,0.93412,4.11456,1.52466,9.56711,2.93433,3.6586,-0.01202,5.86465,6.26521,6.33483,9.71387
G,A,107,0.0,4.47842,7.20773,4.14848,6.68842,3.69109,4.40716,3.82692,10.42546,5.40086,7.66076,4.59691,4.48371,4.42251,4.35457,5.6739,5.22791,4.32066,4.32845,5.29997
F,A,108,6.52129,4.9044,3.70725,1.82366,3.50884,1.57124,-0.01778,0.9385,8.42209,5.68682,5.111,4.4983,1.03364,4.32201,5.15218,7.34008,6.1848,3.41158,4.75126,4.12329
L,A,109,6.15542,4.47451,2.37112,-0.00688,2.65314,0.27454,6.62,15.70768,7.16753,5.71226,4.86245,3.38158,8.66186,4.47983,4.41221,6.36213,6.20775,4.53774,12.10946,8.16206
Y,A,110,5.80579,4.6426,3.80751,2.34349,2.53418,2.36881,1.25893,2.04944,3.51307,4.5033,4.11578,4.71629,-0.01682,4.61267,3.99614,5.6345,4.88736,3.81274,4.34748,4.4059
M,A,111,6.84999,4.95818,3.53061,1.89324,2.52078,-0.00567,7.01346,7.12031,8.50154,5.53425,4.98151,4.05768,9.02137,5.85924,4.5953,7.99874,6.09158,4.48628,5.25974,7.25108
V,A,112,3.11965,1.90483,-0.00016,0.17822,0.21696,0.2828,-0.50352,-0.15509,3.78859,2.73038,2.02462,1.65427,-0.86894,1.9631,1.58027,3.63351,2.5541,1.26526,1.0282,1.09131
Y,A,113,6.95338,5.69981,3.25587,1.50435,1.64511,2.25309,0.63492,7.11706,6.0304,6.16997,5.1868,5.0195,-0.02173,5.76264,5.40215,7.31937,6.5754,5.95835,7.92756,4.62502
A,A,114,1.82443,0.0,0.00238,-0.91929,1.25461,-2.43639,3.84269,17.07312,0.43522,0.31989,-1.05703,-0.63808,6.39376,0.87473,2.03611,2.26864,2.29618,0.32461,1.84969,7.51231
S,A,115,1.23028,0.43362,2.01374,1.10691,2.0028,0.73533,1.67239,3.68624,7.32267,0.00153,0.84143,1.23949,2.32196,1.16077,2.75899,0.35061,1.41801,2.59237,1.90917,2.57957
Q,A,116,1.23772,0.29821,0.34123,-0.24734,0.13564,-0.21997,0.3066,0.40454,-0.95599,0.67249,1.03898,0.88299,0.45487,0.6959,-0.05238,0.27908,-0.08598,-0.02005,0.22802,0.55618
E,A,117,1.24862,0.99338,1.27235,0.86929,0.87766,0.62968,1.01689,0.83415,0.5862,1.0085,0.9747,1.47941,1.03043,1.34295,1.0302,0.49547,-0.0162,1.09243,1.28665,1.65457
T,A,118,1.73965,0.46249,0.77988,-0.30725,0.48152,-0.324,3.44546,3.97497,1.30014,0.83716,0.00013,0.97444,5.97332,1.81703,0.94023,3.18888,1.4612,0.49911,0.73177,1.71154
F,A,119,3.44199,2.09663,1.04873,-0.02564,0.1903,-0.05135,-0.00599,0.19608,5.61704,2.50997,2.69687,2.23179,0.3976,2.64036,1.324,2.84901,2.04905,1.2895,1.58208,1.98795
G,A,120,0.0,-0.04232,0.49445,-0.60208,0.04677,-0.94441,-0.98801,-1.20587,4.2408,-0.45346,-0.13078,-0.07907,-0.95932,-0.50024,-0.18528,-0.15132,-0.33762,-0.45189,-0.23789,-0.33516
