mutation,mutation_label,position_label,state,energy_unit,score_function_name,total_score,fa_atr,fa_rep,fa_sol,fa_intra_rep,fa_elec,hbond_sr_bb,hbond_lr_bb,hbond_bb_sc,hbond_sc,rama,omega,fa_dun,p_aa_pp,yhh_planarity,ref
A.P.2.S,P2S,P2,ddg,kcal/mol,talaris2014,-0.00036,0.03161,-0.00884,-0.03282,0.00000,0.01167,0.00000,-0.00336,-0.00365,0.00503,0.00000,0.00000,0.00000,0.00000,0.00000,0.00000
A.P.2.S,P2S,P2,mut,kcal/mol,talaris2014,-15.30950,-21.63284,1.60661,12.31667,-0.00000,-4.95231,0.00000,-1.38514,-0.27888,-0.98361,0.00000,0.00000,0.00000,0.00000,0.00000,0.00000
A.P.2.S,P2S,P2,wt,kcal/mol,talaris2014,-15.30914,-21.66446,1.61544,12.34950,-0.00000,-4.96397,-0.00000,-1.38178,-0.27523,-0.98863,0.00000,0.00000,0.00000,0.00000,0.00000,0.00000
A.S.3.L,S3L,S3,ddg,kcal/mol,talaris2014,-0.01835,-0.00178,-0.00879,0.00121,-0.00000,-0.00412,0.00000,-0.00641,-0.00452,0.00606,0.00000,0.00000,0.00000,0.00000,0.00000,0.00000
A.S.3.L,S3L,S3,mut,kcal/mol,talaris2014,-15.08947,-21.74237,1.63680,12.01133,-0.00000,-4.50475,0.00000,-1.39898,-0.26420,-0.82731,0.00000,0.00000,0.00000,0.00000,0.00000,0.00000
A.S.3.L,S3L,S3,wt,kcal/mol,talaris2014,-15.07112,-21.74058,1.64559,12.01012,-0.00000,-4.50063,-0.00000,-1.39257,-0.25968,-0.83337,0.00000,0.00000,0.00000,0.00000,0.00000,0.00000
A.S.3.W,S3W,S3,ddg,kcal/mol,talaris2014,-0.00507,0.03546,0.00877,-0.04753,0.00000,0.01929,0.00000,-0.00123,-0.00449,-0.01533,0.00000,0.00000,0.00000,0.00000,0.00000,0.00000
A.S.3.W,S3W,S3,mut,kcal/mol,talaris2014,-15.19579,-21.59580,1.66006,12.00055,0.00000,-4.70752,0.00000,-1.38207,-0.27481,-0.89620,0.00000,0.00000,0.00000,0.00000,0.00000,0.00000
A.S.3.W,S3W,S3,wt,kcal/mol,talaris2014,-15.19072,-21.63126,1.65129,12.04809,-0.00000,-4.72682,0.00000,-1.38084,-0.27032,-0.88086,0.00000,0.00000,0.00000,0.00000,0.00000,0.00000
A.R.11.L,R11L,R11,ddg,kcal/mol,talaris2014,1.08543,1.18770,-0.10577,-1.42106,0.00000,1.11878,-0.00000,0.00242,0.00985,0.29351,0.00000,0.00000,0.00000,0.00000,0.00000,0.00000
A.R.11.L,R11L,R11,mut,kcal/mol,talaris2014,-14.14152,-19.57369,1.46440,9.88354,0.00000,-3.71148,-0.00000,-1.36273,-0.27149,-0.57007,0.00000,0.00000,0.00000,0.00000,0.00000,0.00000
A.R.11.L,R11L,R11,wt,kcal/mol,talaris2014,-15.22696,-20.76138,1.57017,11.30459,-0.00000,-4.83026,0.00000,-1.36515,-0.28134,-0.86359,0.00000,0.00000,0.00000,0.00000,0.00000,0.00000
A.R.16.G,R16G,R16,ddg,kcal/mol,talaris2014,0.02019,0.02021,0.01951,-0.01588,0.00000,-0.02912,0.00000,0.00639,0.01063,0.00845,0.00000,0.00000,0.00000,0.00000,0.00000,0.00000
A.R.16.G,R16G,R16,mut,kcal/mol,talaris2014,-14.78580,-20.72474,1.67225,11.01999,0.00000,-4.41390,0.00000,-1.37536,-0.23890,-0.72515,0.00000,0.00000,0.00000,0.00000,0.00000,0.00000
A.R.16.G,R16G,R16,wt,kcal/mol,talaris2014,-14.80598,-20.74494,1.65274,11.03587,-0.00000,-4.38478,-0.00000,-1.38175,-0.24952,-0.73360,0.00000,0.00000,0.00000,0.00000,0.00000,0.00000
A.D.19.Y,D19Y,D19,ddg,kcal/mol,talaris2014,0.10971,-0.54130,-0.05039,0.64866,-0.00000,-0.02688,0.00000,0.01958,0.01863,0.04141,0.00000,0.00000,0.00000,0.00000,0.00000,0.00000
A.D.19.Y,D19Y,D19,mut,kcal/mol,talaris2014,-14.90517,-21.76350,1.65954,12.57987,-0.00000,-4.92303,-0.00000,-1.32787,-0.28301,-0.84716,0.00000,0.00000,0.00000,0.00000,0.00000,0.00000
A.D.19.Y,D19Y,D19,wt,kcal/mol,talaris2014,-15.01488,-21.22221,1.70993,11.93121,-0.00000,-4.89615,-0.00000,-1.34746,-0.30163,-0.88857,0.00000,0.00000,0.00000,0.00000,0.00000,0.00000
A.R.21.G,R21G,R21,ddg,kcal/mol,talaris2014,-0.01276,-0.00340,-0.00736,0.00993,-0.00000,-0.01377,-0.00000,0.00475,0.00015,-0.00306,0.00000,0.00000,0.00000,0.00000,0.00000,0.00000
A.R.21.G,R21G,R21,mut,kcal/mol,talaris2014,-14.54437,-20.83565,1.64772,11.84152,-0.00000,-4.69942,-0.00000,-1.36370,-0.26963,-0.86521,0.00000,0.00000,0.00000,0.00000,0.00000,0.00000
A.R.21.G,R21G,R21,wt,kcal/mol,talaris2014,-14.53161,-20.83225,1.65509,11.83159,-0.00000,-4.68566,0.00000,-1.36845,-0.26978,-0.86215,0.00000,0.00000,0.00000,0.00000,0.00000,0.00000
A.R.21.Q,R21Q,R21,ddg,kcal/mol,talaris2014,0.01673,0.01530,-0.00777,-0.00462,0.00000,0.01203,0.00000,0.00129,0.00091,-0.00042,0.00000,0.00000,0.00000,0.00000,0.00000,0.00000
A.R.21.Q,R21Q,R21,mut,kcal/mol,talaris2014,-14.68609,-21.03112,1.60910,11.92882,0.00000,-4.69217,-0.00000,-1.36814,-0.28186,-0.85072,0.00000,0.00000,0.00000,0.00000,0.00000,0.00000
A.R.21.Q,R21Q,R21,wt,kcal/mol,talaris2014,-14.70282,-21.04642,1.61687,11.93343,-0.00000,-4.70420,-0.00000,-1.36943,-0.28277,-0.85030,0.00000,0.00000,0.00000,0.00000,0.00000,0.00000
A.I.23.F,I23F,I23,ddg,kcal/mol,talaris2014,0.71209,0.85543,0.03764,-0.20207,-0.00000,0.03067,0.00000,-0.00658,-0.00405,0.00106,0.00000,0.00000,0.00000,0.00000,0.00000,0.00000
A.I.23.F,I23F,I23,mut,kcal/mol,talaris2014,-13.47366,-19.32403,1.43087,11.26371,-0.00000,-4.39493,0.00000,-1.30865,-0.27408,-0.86655,0.00000,0.00000,0.00000,0.00000,0.00000,0.00000
A.I.23.F,I23F,I23,wt,kcal/mol,talaris2014,-14.18575,-20.17946,1.39323,11.46578,0.00000,-4.42560,-0.00000,-1.30207,-0.27003,-0.86761,0.00000,0.00000,0.00000,0.00000,0.00000,0.00000
A.E.25.Q,E25Q,E25,ddg,kcal/mol,talaris2014,0.02480,0.00409,0.00331,-0.00092,-0.00000,0.01851,-0.00000,-0.00113,-0.00194,0.00288,0.00000,0.00000,0.00000,0.00000,0.00000,0.00000
A.E.25.Q,E25Q,E25,mut,kcal/mol,talaris2014,-14.90243,-21.21062,1.56511,12.01923,-0.00000,-4.72189,-0.00000,-1.37499,-0.34971,-0.82954,0.00000,0.00000,0.00000,0.00000,0.00000,0.00000
A.E.25.Q,E25Q,E25,wt,kcal/mol,talaris2014,-14.92722,-21.21471,1.56180,12.02014,-0.00000,-4.74040,-0.00000,-1.37386,-0.34778,-0.83242,0.00000,0.00000,0.00000,0.00000,0.00000,0.00000
A.P.28.L,P28L,P28,ddg,kcal/mol,talaris2014,-0.01979,-0.01437,0.00996,0.01580,-0.00000,-0.03094,-0.00000,-0.00605,0.00322,0.00260,0.00000,0.00000,0.00000,0.00000,0.00000,0.00000
A.P.28.L,P28L,P28,mut,kcal/mol,talaris2014,-15.14897,-21.50131,1.49576,11.79840,-0.00000,-4.45681,-0.00000,-1.41022,-0.27473,-0.80006,0.00000,0.00000,0.00000,0.00000,0.00000,0.00000
A.P.28.L,P28L,P28,wt,kcal/mol,talaris2014,-15.12918,-21.48694,1.48581,11.78260,-0.00000,-4.42586,-0.00000,-1.40416,-0.27795,-0.80266,0.00000,0.00000,0.00000,0.00000,0.00000,0.00000
A.T.29.A,T29A,T29,ddg,kcal/mol,talaris2014,-0.01261,-0.02132,0.00340,0.00335,-0.00000,0.00847,0.00000,-0.00125,-0.00320,-0.00206,0.00000,0.00000,0.00000,0.00000,0.00000,0.00000
A.T.29.A,T29A,T29,mut,kcal/mol,talaris2014,-15.59544,-21.55730,1.55549,11.96258,-0.00000,-4.87652,-0.00000,-1.39441,-0.30977,-0.97551,0.00000,0.00000,0.00000,0.00000,0.00000,0.00000
A.T.29.A,T29A,T29,wt,kcal/mol,talaris2014,-15.58283,-21.53598,1.55209,11.95924,-0.00000,-4.88500,-0.00000,-1.39316,-0.30657,-0.97344,0.00000,0.00000,0.00000,0.00000,0.00000,0.00000
A.P.32.L,P32L,P32,ddg,kcal/mol,talaris2014,0.54514,0.27112,0.33115,0.01090,0.00000,-0.05949,0.00000,-0.01208,-0.00178,0.00531,0.00000,0.00000,0.00000,0.00000,0.00000,0.00000
A.P.32.L,P32L,P32,mut,kcal/mol,talaris2014,-14.32110,-21.30578,1.99887,12.19422,0.00000,-4.78614,0.00000,-1.33700,-0.30725,-0.77801,0.00000,0.00000,0.00000,0.00000,0.00000,0.00000
A.P.32.L,P32L,P32,wt,kcal/mol,talaris2014,-14.86624,-21.57689,1.66771,12.18332,-0.00000,-4.72665,-0.00000,-1.32492,-0.30548,-0.78332,0.00000,0.00000,0.00000,0.00000,0.00000,0.00000
A.P.32.Q,P32Q,P32,ddg,kcal/mol,talaris2014,0.09312,-0.09391,0.09717,0.08468,-0.00000,0.00782,0.00000,0.00641,0.00359,-0.01263,0.00000,0.00000,0.00000,0.00000,0.00000,0.00000
A.P.32.Q,P32Q,P32,mut,kcal/mol,talaris2014,-14.99193,-21.66126,1.74567,12.30513,-0.00000,-4.87864,0.00000,-1.33355,-0.28173,-0.88756,0.00000,0.00000,0.00000,0.00000,0.00000,0.00000
A.P.32.Q,P32Q,P32,wt,kcal/mol,talaris2014,-15.08505,-21.56734,1.64851,12.22044,-0.00000,-4.88646,-0.00000,-1.33996,-0.28531,-0.87493,0.00000,0.00000,0.00000,0.00000,0.00000,0.00000
A.P.32.S,P32S,P32,ddg,kcal/mol,talaris2014,0.13864,-0.04095,-0.05390,0.24155,0.00000,-0.01290,-0.00000,0.00518,0.00048,-0.00082,0.00000,0.00000,0.00000,0.00000,0.00000,0.00000
A.P.32.S,P32S,P32,mut,kcal/mol,talaris2014,-15.09932,-22.05173,1.67856,12.54770,0.00000,-4.81282,-0.00000,-1.34721,-0.31627,-0.79756,0.00000,0.00000,0.00000,0.00000,0.00000,0.00000
A.P.32.S,P32S,P32,wt,kcal/mol,talaris2014,-15.23796,-22.01078,1.73246,12.30616,-0.00000,-4.79991,0.00000,-1.35239,-0.31675,-0.79674,0.00000,0.00000,0.00000,0.00000,0.00000,0.00000
A.I.35.V,I35V,I35,ddg,kcal/mol,talaris2014,0.16199,0.08450,0.03714,0.03616,-0.00000,0.01720,-0.00000,-0.00342,0.00488,-0.01448,0.00000,0.00000,0.00000,0.00000,0.00000,0.00000
A.I.35.V,I35V,I35,mut,kcal/mol,talaris2014,-15.55849,-21.93636,1.73528,12.45531,-0.00000,-5.12520,-0.00000,-1.37229,-0.33052,-0.98471,0.00000,0.00000,0.00000,0.00000,0.00000,0.00000
A.I.35.V,I35V,I35,wt,kcal/mol,talaris2014,-15.72048,-22.02086,1.69814,12.41915,0.00000,-5.14239,0.00000,-1.36887,-0.33540,-0.97024,0.00000,0.00000,0.00000,0.00000,0.00000,0.00000
A.R.37.Q,R37Q,R37,ddg,kcal/mol,talaris2014,-0.00075,0.01962,-0.00555,-0.01657,-0.00000,0.01162,0.00000,-0.00081,-0.00543,-0.00362,0.00000,0.00000,0.00000,0.00000,0.00000,0.00000
A.R.37.Q,R37Q,R37,mut,kcal/mol,talaris2014,-15.18309,-21.55002,1.63258,11.94443,-0.00000,-4.61669,0.00000,-1.39965,-0.26311,-0.93063,0.00000,0.00000,0.00000,0.00000,0.00000,0.00000
A.R.37.Q,R37Q,R37,wt,kcal/mol,talaris2014,-15.18235,-21.56964,1.63814,11.96100,-0.00000,-4.62831,0.00000,-1.39884,-0.25768,-0.92701,0.00000,0.00000,0.00000,0.00000,0.00000,0.00000
A.Y.38.H,Y38H,Y38,ddg,kcal/mol,talaris2014,0.04694,0.01920,0.00551,-0.01941,-0.00000,0.02178,0.00000,0.00171,0.01449,0.00366,0.00000,0.00000,0.00000,0.00000,0.00000,0.00000
A.Y.38.H,Y38H,Y38,mut,kcal/mol,talaris2014,-15.45112,-21.75939,1.68156,12.25194,-0.00000,-5.00630,0.00000,-1.38888,-0.29883,-0.93123,0.00000,0.00000,0.00000,0.00000,0.00000,0.00000
A.Y.38.H,Y38H,Y38,wt,kcal/mol,talaris2014,-15.49807,-21.77859,1.67604,12.27135,0.00000,-5.02808,-0.00000,-1.39059,-0.31332,-0.93488,0.00000,0.00000,0.00000,0.00000,0.00000,0.00000
A.K.39.R,K39R,K39,ddg,kcal/mol,talaris2014,0.01107,0.00162,-0.00168,-0.00132,0.00000,0.00991,0.00000,-0.00115,-0.00480,0.00848,0.00000,0.00000,0.00000,0.00000,0.00000,0.00000
A.K.39.R,K39R,K39,mut,kcal/mol,talaris2014,-15.43102,-21.90034,1.67622,12.41969,0.00000,-4.97484,0.00000,-1.38268,-0.30926,-0.95982,0.00000,0.00000,0.00000,0.00000,0.00000,0.00000
A.K.39.R,K39R,K39,wt,kcal/mol,talaris2014,-15.44209,-21.90196,1.67791,12.42100,-0.00000,-4.98475,-0.00000,-1.38153,-0.30445,-0.96830,0.00000,0.00000,0.00000,0.00000,0.00000,0.00000
A.K.49.N,K49N,K49,ddg,kcal/mol,talaris2014,0.66027,0.36831,-0.05660,-0.38690,0.00000,0.66478,0.00000,-0.00588,-0.00664,0.08318,0.00000,0.00000,0.00000,0.00000,0.00000,0.00000
A.K.49.N,K49N,K49,mut,kcal/mol,talaris2014,-13.41753,-18.73234,1.50064,9.35255,0.00000,-3.47780,0.00000,-1.10902,-0.31751,-0.63405,0.00000,0.00000,0.00000,0.00000,0.00000,0.00000
A.K.49.N,K49N,K49,wt,kcal/mol,talaris2014,-14.07780,-19.10065,1.55724,9.73944,0.00000,-4.14258,0.00000,-1.10314,-0.31088,-0.71723,0.00000,0.00000,0.00000,0.00000,0.00000,0.00000
A.D.56.N,D56N,D56,ddg,kcal/mol,talaris2014,0.00443,0.00943,-0.00042,-0.00830,-0.00000,0.00434,0.00000,-0.00062,0.00026,-0.00026,0.00000,0.00000,0.00000,0.00000,0.00000,0.00000
A.D.56.N,D56N,D56,mut,kcal/mol,talaris2014,-14.77914,-21.41311,1.65703,11.87449,0.00000,-4.42198,0.00000,-1.37293,-0.27223,-0.83041,0.00000,0.00000,0.00000,0.00000,0.00000,0.00000
A.D.56.N,D56N,D56,wt,kcal/mol,talaris2014,-14.78357,-21.42254,1.65746,11.88279,0.00000,-4.42632,0.00000,-1.37231,-0.27249,-0.83016,0.00000,0.00000,0.00000,0.00000,0.00000,0.00000
A.M.60.I,M60I,M60,ddg,kcal/mol,talaris2014,0.02585,0.02070,-0.00466,-0.02466,-0.00000,0.03105,-0.00000,-0.00094,0.00022,0.00415,0.00000,0.00000,0.00000,0.00000,0.00000,0.00000
A.M.60.I,M60I,M60,mut,kcal/mol,talaris2014,-15.49838,-21.66356,1.60631,12.15659,-0.00000,-4.92551,0.00000,-1.39245,-0.30459,-0.97516,0.00000,0.00000,0.00000,0.00000,0.00000,0.00000
A.M.60.I,M60I,M60,wt,kcal/mol,talaris2014,-15.52424,-21.68426,1.61097,12.18125,0.00000,-4.95656,0.00000,-1.39152,-0.30481,-0.97931,0.00000,0.00000,0.00000,0.00000,0.00000,0.00000
A.M.60.V,M60V,M60,ddg,kcal/mol,talaris2014,-0.01156,-0.01203,-0.00011,0.01149,-0.00000,0.00049,-0.00000,-0.00212,-0.00622,-0.00307,0.00000,0.00000,0.00000,0.00000,0.00000,0.00000
A.M.60.V,M60V,M60,mut,kcal/mol,talaris2014,-15.53932,-21.94917,1.64392,12.37670,-0.00000,-4.97135,-0.00000,-1.38823,-0.33528,-0.91591,0.00000,0.00000,0.00000,0.00000,0.00000,0.00000
A.M.60.V,M60V,M60,wt,kcal/mol,talaris2014,-15.52775,-21.93714,1.64403,12.36521,0.00000,-4.97184,0.00000,-1.38610,-0.32906,-0.91284,0.00000,0.00000,0.00000,0.00000,0.00000,0.00000
A.L.63.F,L63F,L63,ddg,kcal/mol,talaris2014,0.23248,0.05421,0.04146,0.07544,0.00000,0.02983,-0.00000,0.00605,0.00522,0.02026,0.00000,0.00000,0.00000,0.00000,0.00000,0.00000
A.L.63.F,L63F,L63,mut,kcal/mol,talaris2014,-14.79960,-21.25793,1.61803,12.02576,0.00000,-4.69530,-0.00000,-1.36513,-0.28868,-0.83636,0.00000,0.00000,0.00000,0.00000,0.00000,0.00000
A.L.63.F,L63F,L63,wt,kcal/mol,talaris2014,-15.03208,-21.31214,1.57657,11.95032,-0.00000,-4.72513,0.00000,-1.37118,-0.29390,-0.85662,0.00000,0.00000,0.00000,0.00000,0.00000,0.00000
A.K.65.E,K65E,K65,ddg,kcal/mol,talaris2014,0.11746,0.09323,-0.02784,-0.09842,-0.00000,0.12875,-0.00000,-0.00136,0.02106,0.00204,0.00000,0.00000,0.00000,0.00000,0.00000,0.00000
A.K.65.E,K65E,K65,mut,kcal/mol,talaris2014,-15.08020,-21.30242,1.53694,11.92735,-0.00000,-4.72528,-0.00000,-1.39278,-0.28980,-0.83421,0.00000,0.00000,0.00000,0.00000,0.00000,0.00000
A.K.65.E,K65E,K65,wt,kcal/mol,talaris2014,-15.19766,-21.39565,1.56478,12.02577,-0.00000,-4.85403,-0.00000,-1.39142,-0.31086,-0.83625,0.00000,0.00000,0.00000,0.00000,0.00000,0.00000
A.R.70.C,R70C,R70,ddg,kcal/mol,talaris2014,-0.00470,0.30931,-0.00533,-0.28304,-0.00000,-0.03267,-0.00000,-0.00007,-0.00217,0.00926,0.00000,0.00000,0.00000,0.00000,0.00000,0.00000
A.R.70.C,R70C,R70,mut,kcal/mol,talaris2014,-15.27291,-21.35114,1.67760,11.89931,-0.00000,-4.93412,-0.00000,-1.38211,-0.33964,-0.84280,0.00000,0.00000,0.00000,0.00000,0.00000,0.00000
A.R.70.C,R70C,R70,wt,kcal/mol,talaris2014,-15.26820,-21.66046,1.68292,12.18235,-0.00000,-4.90145,0.00000,-1.38204,-0.33747,-0.85206,0.00000,0.00000,0.00000,0.00000,0.00000,0.00000
A.R.70.H,R70H,R70,ddg,kcal/mol,talaris2014,-0.10563,0.02302,0.12010,-0.17559,0.00000,-0.06114,-0.00000,0.00297,-0.00549,-0.00950,0.00000,0.00000,0.00000,0.00000,0.00000,0.00000
A.R.70.H,R70H,R70,mut,kcal/mol,talaris2014,-15.44672,-21.76460,1.80570,12.07486,-0.00000,-4.97115,-0.00000,-1.35847,-0.35058,-0.88248,0.00000,0.00000,0.00000,0.00000,0.00000,0.00000
A.R.70.H,R70H,R70,wt,kcal/mol,talaris2014,-15.34109,-21.78762,1.68560,12.25045,-0.00000,-4.91001,0.00000,-1.36144,-0.34509,-0.87297,0.00000,0.00000,0.00000,0.00000,0.00000,0.00000
A.N.74.S,N74S,N74,ddg,kcal/mol,talaris2014,0.01287,-0.00681,-0.00493,0.00727,-0.00000,0.00630,0.00000,-0.00017,-0.00052,0.01173,0.00000,0.00000,0.00000,0.00000,0.00000,0.00000
A.N.74.S,N74S,N74,mut,kcal/mol,talaris2014,-15.43814,-21.75832,1.65405,12.12994,-0.00000,-4.83420,-0.00000,-1.37934,-0.31455,-0.93571,0.00000,0.00000,0.00000,0.00000,0.00000,0.00000
A.N.74.S,N74S,N74,wt,kcal/mol,talaris2014,-15.45101,-21.75151,1.65897,12.12267,0.00000,-4.84050,-0.00000,-1.37917,-0.31403,-0.94744,0.00000,0.00000,0.00000,0.00000,0.00000,0.00000
A.A.75.D,A75D,A75,ddg,kcal/mol,talaris2014,0.01319,-0.01042,0.00311,0.01203,0.00000,-0.00855,0.00000,-0.00310,0.00437,0.01575,0.00000,0.00000,0.00000,0.00000,0.00000,0.00000
A.A.75.D,A75D,A75,mut,kcal/mol,talaris2014,-15.28372,-21.73363,1.63587,12.23190,0.00000,-4.85260,-0.00000,-1.39739,-0.31172,-0.85615,0.00000,0.00000,0.00000,0.00000,0.00000,0.00000
A.A.75.D,A75D,A75,wt,kcal/mol,talaris2014,-15.29691,-21.72321,1.63276,12.21987,-0.00000,-4.84405,-0.00000,-1.39429,-0.31609,-0.87190,0.00000,0.00000,0.00000,0.00000,0.00000,0.00000
A.L.82.F,L82F,L82,ddg,kcal/mol,talaris2014,0.00366,-0.02682,0.00883,0.02350,0.00000,-0.00237,-0.00000,0.00106,-0.00091,0.00037,0.00000,0.00000,0.00000,0.00000,0.00000,0.00000
A.L.82.F,L82F,L82,mut,kcal/mol,talaris2014,-15.10310,-21.58084,1.66339,11.97820,0.00000,-4.62017,0.00000,-1.39072,-0.24642,-0.90655,0.00000,0.00000,0.00000,0.00000,0.00000,0.00000
A.L.82.F,L82F,L82,wt,kcal/mol,talaris2014,-15.10676,-21.55401,1.65456,11.95471,0.00000,-4.61780,0.00000,-1.39178,-0.24551,-0.90692,0.00000,0.00000,0.00000,0.00000,0.00000,0.00000
A.V.89.F,V89F,V89,ddg,kcal/mol,talaris2014,0.00526,0.00756,0.00053,-0.01491,-0.00000,0.00570,-0.00000,-0.00039,0.00460,0.00217,0.00000,0.00000,0.00000,0.00000,0.00000,0.00000
A.V.89.F,V89F,V89,mut,kcal/mol,talaris2014,-15.32352,-21.63434,1.64275,12.17883,-0.00000,-4.84073,-0.00000,-1.39642,-0.29150,-0.98210,0.00000,0.00000,0.00000,0.00000,0.00000,0.00000
A.V.89.F,V89F,V89,wt,kcal/mol,talaris2014,-15.32877,-21.64190,1.64221,12.19375,0.00000,-4.84643,0.00000,-1.39604,-0.29611,-0.98427,0.00000,0.00000,0.00000,0.00000,0.00000,0.00000
A.V.91.I,V91I,V91,ddg,kcal/mol,talaris2014,-0.00287,0.01793,-0.00807,-0.01617,0.00000,0.00874,0.00000,-0.00202,-0.00209,-0.00119,0.00000,0.00000,0.00000,0.00000,0.00000,0.00000
A.V.91.I,V91I,V91,mut,kcal/mol,talaris2014,-15.26010,-21.60754,1.62867,12.08318,0.00000,-4.76194,0.00000,-1.38411,-0.31040,-0.90795,0.00000,0.00000,0.00000,0.00000,0.00000,0.00000
A.V.91.I,V91I,V91,wt,kcal/mol,talaris2014,-15.25722,-21.62548,1.63674,12.09935,-0.00000,-4.77068,-0.00000,-1.38209,-0.30831,-0.90676,0.00000,0.00000,0.00000,0.00000,0.00000,0.00000
A.V.98.A,V98A,V98,ddg,kcal/mol,talaris2014,-0.01741,-0.00749,-0.00453,-0.00064,0.00000,-0.00416,-0.00000,0.00072,-0.00023,-0.00107,0.00000,0.00000,0.00000,0.00000,0.00000,0.00000
A.V.98.A,V98A,V98,mut,kcal/mol,talaris2014,-15.41004,-21.69883,1.65503,12.01526,-0.00000,-4.78729,-0.00000,-1.38571,-0.28542,-0.92307,0.00000,0.00000,0.00000,0.00000,0.00000,0.00000
A.V.98.A,V98A,V98,wt,kcal/mol,talaris2014,-15.39262,-21.69133,1.65956,12.01590,-0.00000,-4.78313,0.00000,-1.38643,-0.28519,-0.92200,0.00000,0.00000,0.00000,0.00000,0.00000,0.00000
A.D.104.H,D104H,D104,ddg,kcal/mol,talaris2014,-0.01906,-0.02584,0.00120,0.02009,0.00000,-0.00405,0.00000,-0.00481,-0.00664,0.00099,0.00000,0.00000,0.00000,0.00000,0.00000,0.00000
A.D.104.H,D104H,D104,mut,kcal/mol,talaris2014,-15.52185,-21.81156,1.58618,12.27203,0.00000,-4.92027,-0.00000,-1.38086,-0.31397,-0.95340,0.00000,0.00000,0.00000,0.00000,0.00000,0.00000
A.D.104.H,D104H,D104,wt,kcal/mol,talaris2014,-15.50279,-21.78572,1.58498,12.25194,-0.00000,-4.91622,-0.00000,-1.37605,-0.30733,-0.95439,0.00000,0.00000,0.00000,0.00000,0.00000,0.00000
A.E.105.K,E105K,E105,ddg,kcal/mol,talaris2014,0.00460,-0.00979,-0.00576,0.01173,-0.00000,0.00083,0.00000,-0.00066,0.00200,0.00625,0.00000,0.00000,0.00000,0.00000,0.00000,0.00000
A.E.105.K,E105K,E105,mut,kcal/mol,talaris2014,-15.71490,-21.80875,1.65438,12.24461,-0.00000,-5.12455,0.00000,-1.38400,-0.30211,-0.99449,0.00000,0.00000,0.00000,0.00000,0.00000,0.00000
A.E.105.K,E105K,E105,wt,kcal/mol,talaris2014,-15.71950,-21.79895,1.66014,12.23288,0.00000,-5.12538,-0.00000,-1.38334,-0.30411,-1.00074,0.00000,0.00000,0.00000,0.00000,0.00000,0.00000
A.D.106.G,D106G,D106,ddg,kcal/mol,talaris2014,0.02225,0.03748,0.00108,-0.03274,-0.00000,-0.01152,0.00000,0.00127,0.00203,0.02466,0.00000,0.00000,0.00000,0.00000,0.00000,0.00000
A.D.106.G,D106G,D106,mut,kcal/mol,talaris2014,-15.22902,-21.84330,1.65515,12.24902,-0.00000,-4.78546,0.00000,-1.38779,-0.23919,-0.87744,0.00000,0.00000,0.00000,0.00000,0.00000,0.00000
A.D.106.G,D106G,D106,wt,kcal/mol,talaris2014,-15.25128,-21.88078,1.65407,12.28176,0.00000,-4.77394,-0.00000,-1.38906,-0.24122,-0.90210,0.00000,0.00000,0.00000,0.00000,0.00000,0.00000
A.M.111.V,M111V,M111,ddg,kcal/mol,talaris2014,0.00309,-0.02154,0.02836,-0.01131,0.00000,0.01263,-0.00000,-0.00887,0.00323,0.00060,0.00000,0.00000,0.00000,0.00000,0.00000,0.00000
A.M.111.V,M111V,M111,mut,kcal/mol,talaris2014,-15.07347,-21.57305,1.64882,12.00980,0.00000,-4.62888,0.00000,-1.40450,-0.26942,-0.85623,0.00000,0.00000,0.00000,0.00000,0.00000,0.00000
A.M.111.V,M111V,M111,wt,kcal/mol,talaris2014,-15.07657,-21.55151,1.62046,12.02110,0.00000,-4.64151,0.00000,-1.39563,-0.27265,-0.85683,0.00000,0.00000,0.00000,0.00000,0.00000,0.00000
A.Y.113.C,Y113C,Y113,ddg,kcal/mol,talaris2014,0.05046,-0.00248,0.00796,0.02417,0.00000,0.00710,-0.00000,0.00127,0.00690,0.00555,0.00000,0.00000,0.00000,0.00000,0.00000,0.00000
A.Y.113.C,Y113C,Y113,mut,kcal/mol,talaris2014,-15.19804,-21.72203,1.69357,12.11181,0.00000,-4.68939,0.00000,-1.37796,-0.27632,-0.93771,0.00000,0.00000,0.00000,0.00000,0.00000,0.00000
A.Y.113.C,Y113C,Y113,wt,kcal/mol,talaris2014,-15.24850,-21.71955,1.68561,12.08764,-0.00000,-4.69649,0.00000,-1.37923,-0.28322,-0.94326,0.00000,0.00000,0.00000,0.00000,0.00000,0.00000
A.A.114.T,A114T,A114,ddg,kcal/mol,talaris2014,-0.00752,-0.00418,-0.00606,0.00333,0.00000,-0.00347,-0.00000,-0.00008,-0.00263,0.00556,0.00000,0.00000,0.00000,0.00000,0.00000,0.00000
A.A.114.T,A114T,A114,mut,kcal/mol,talaris2014,-14.96203,-21.39014,1.62930,11.85461,-0.00000,-4.56785,-0.00000,-1.39758,-0.27824,-0.81212,0.00000,0.00000,0.00000,0.00000,0.00000,0.00000
A.A.114.T,A114T,A114,wt,kcal/mol,talaris2014,-14.95451,-21.38596,1.63536,11.85127,-0.00000,-4.56438,-0.00000,-1.39750,-0.27561,-0.81769,0.00000,0.00000,0.00000,0.00000,0.00000,0.00000
A.S.115.F,S115F,S115,ddg,kcal/mol,talaris2014,0.02055,-0.00030,-0.00750,0.00788,-0.00000,0.00778,0.00000,-0.00241,0.00098,0.01412,0.00000,0.00000,0.00000,0.00000,0.00000,0.00000
A.S.115.F,S115F,S115,mut,kcal/mol,talaris2014,-15.35650,-21.68784,1.62917,12.06596,-0.00000,-4.79057,0.00000,-1.38345,-0.27370,-0.91606,0.00000,0.00000,0.00000,0.00000,0.00000,0.00000
A.S.115.F,S115F,S115,wt,kcal/mol,talaris2014,-15.37705,-21.68755,1.63667,12.05808,-0.00000,-4.79835,-0.00000,-1.38104,-0.27468,-0.93018,0.00000,0.00000,0.00000,0.00000,0.00000,0.00000
A.E.117.V,E117V,E117,ddg,kcal/mol,talaris2014,0.01455,0.00148,-0.00096,-0.01052,0.00000,0.01663,0.00000,0.00058,0.00679,0.00055,0.00000,0.00000,0.00000,0.00000,0.00000,0.00000
A.E.117.V,E117V,E117,mut,kcal/mol,talaris2014,-15.30618,-21.55211,1.65290,11.94033,-0.00000,-4.71970,-0.00000,-1.38154,-0.30185,-0.94421,0.00000,0.00000,0.00000,0.00000,0.00000,0.00000
A.E.117.V,E117V,E117,wt,kcal/mol,talaris2014,-15.32073,-21.55359,1.65386,11.95085,-0.00000,-4.73633,-0.00000,-1.38212,-0.30863,-0.94476,0.00000,0.00000,0.00000,0.00000,0.00000,0.00000
A.T.118.A,T118A,T118,ddg,kcal/mol,talaris2014,0.02032,0.00144,-0.00124,0.00031,-0.00000,0.01053,0.00000,0.00135,0.00946,-0.00152,0.00000,0.00000,0.00000,0.00000,0.00000,0.00000
A.T.118.A,T118A,T118,mut,kcal/mol,talaris2014,-14.92432,-21.53154,1.61721,11.85744,-0.00000,-4.43077,0.00000,-1.39241,-0.27822,-0.76603,0.00000,0.00000,0.00000,0.00000,0.00000,0.00000
A.T.118.A,T118A,T118,wt,kcal/mol,talaris2014,-14.94464,-21.53298,1.61844,11.85713,-0.00000,-4.44130,-0.00000,-1.39375,-0.28768,-0.76451,0.00000,0.00000,0.00000,0.00000,0.00000,0.00000
A.G.120.R,G120R,G120,ddg,kcal/mol,talaris2014,0.02052,-0.00438,-0.00293,0.00337,0.00000,0.01317,0.00000,-0.00222,0.00291,0.01060,0.00000,0.00000,0.00000,0.00000,0.00000,0.00000
A.G.120.R,G120R,G120,mut,kcal/mol,talaris2014,-15.33598,-21.68435,1.65463,12.11841,-0.00000,-4.80952,-0.00000,-1.38732,-0.32323,-0.90459,0.00000,0.00000,0.00000,0.00000,0.00000,0.00000
A.G.120.R,G120R,G120,wt,kcal/mol,talaris2014,-15.35649,-21.67997,1.65756,12.11504,-0.00000,-4.82269,-0.00000,-1.38511,-0.32614,-0.91519,0.00000,0.00000,0.00000,0.00000,0.00000,0.00000
A.G.120.V,G120V,G120,ddg,kcal/mol,talaris2014,-0.01183,-0.01218,0.01005,0.01455,-0.00000,-0.01516,-0.00000,0.00183,0.00024,-0.01115,0.00000,0.00000,0.00000,0.00000,0.00000,0.00000
A.G.120.V,G120V,G120,mut,kcal/mol,talaris2014,-15.30992,-21.76310,1.66312,12.19385,-0.00000,-4.82065,-0.00000,-1.38557,-0.28496,-0.91259,0.00000,0.00000,0.00000,0.00000,0.00000,0.00000
A.G.120.V,G120V,G120,wt,kcal/mol,talaris2014,-15.29809,-21.75093,1.65307,12.17930,0.00000,-4.80549,-0.00000,-1.38740,-0.28520,-0.90144,0.00000,0.00000,0.00000,0.00000,0.00000,0.00000
