WT residue type,chain ID,Residue #,G,A,V,L,I,M,F,W,P,S,T,C,Y,N,Q,D,E,K,R,H,s,y,p
V,A,2,-0.14441,-0.1131,0.00023,-0.36546,-0.16038,-0.90744,-0.69014,-0.96921,0.04306,-0.06851,-0.04972,-0.15214,-0.5926,-0.10219,-0.1584,0.03461,0.03195,-0.49388,-0.56841,-0.70103,0.11187,-0.86656,0.26139
N,A,3,1.86241,0.69957,0.63185,-0.53992,1.53253,-0.85499,0.90931,1.58329,1.0097,1.65541,0.4353,1.13933,1.26244,-0.00986,1.50668,2.03253,1.34066,0.80843,0.98398,2.45959,2.47843,1.53682,2.46991
P,A,4,3.31094,2.06569,1.5619,2.28581,1.4639,0.5858,1.73661,0.4704,-0.01002,3.0626,3.32401,2.74569,1.81791,3.00163,2.07502,3.20426,2.36908,2.11266,2.3094,2.82019,4.49107,1.88022,5.40265
T,A,5,2.09008,1.28594,-0.47883,0.16198,-0.42708,0.13593,0.17662,0.78533,1.55334,0.464,-0.00059,1.03316,0.62443,-0.05536,1.25715,2.10364,2.04687,0.9291,1.36041,1.18554,2.97316,0.67978,2.04976
V,A,6,4.07917,2.86051,-0.00155,0.56549,-0.22843,2.48087,10.21218,20.6373,2.24159,3.27813,2.17557,1.89464,13.21486,2.78907,2.41399,4.89064,5.97793,4.8853,14.5785,7.15324,12.17952,18.31234,10.08605
F,A,7,3.88768,2.71009,2.14316,1.64179,2.34364,0.73338,-0.02201,1.30571,4.4826,3.88606,3.25284,2.71741,0.70615,3.88019,3.77693,5.43174,5.27225,3.17628,2.66141,3.21156,8.5131,0.97242,9.15208
F,A,8,7.16794,5.39792,2.77745,1.93037,1.4178,1.42778,-0.00935,7.50738,7.27753,6.31549,5.05165,4.85408,1.40239,5.21196,4.70039,6.49196,5.32803,5.23132,5.44692,3.23264,7.27325,24.372,6.75888
D,A,9,1.37471,0.35098,-1.0774,-1.2858,-1.51859,-1.6035,-2.02082,-1.05346,2.89029,0.91085,0.41212,-0.04689,-1.04338,-0.07459,-0.09118,0.00868,6e-05,-0.7745,-0.55993,0.0797,1.40876,-1.77394,1.07308
I,A,10,5.93458,4.62853,1.45713,0.41093,-0.0397,0.12873,1.80219,6.59381,5.17202,4.53256,2.84422,3.80406,5.42622,3.79454,3.87852,6.06947,5.04443,5.04496,7.2368,3.28529,9.09864,12.48126,8.32771
A,A,11,1.02159,0.0,3.14985,-1.7438,0.02782,-1.21054,-1.8162,0.50311,3.20022,0.19912,-0.81395,-0.17569,-1.64043,0.98171,-0.11279,2.25467,0.41172,-1.16921,-0.88086,0.08059,2.90824,-1.63718,2.98736
V,A,12,5.00774,3.28444,-0.00611,1.67395,0.11073,1.23028,6.04805,9.90838,3.75116,4.18859,2.47831,2.28493,10.51326,2.43949,2.14026,4.38562,3.46909,2.59118,2.72329,8.4054,5.68098,8.98553,3.15773
D,A,13,1.51768,1.5533,3.04567,0.89723,2.97512,1.16138,0.90083,1.67521,6.79756,1.51448,2.10419,1.43244,0.85046,0.12406,0.49218,0.00294,0.35616,0.7987,1.19366,0.84766,0.57622,0.78646,2.41176
G,A,14,-0.0,2.47663,4.60631,2.25104,4.47907,1.69787,3.66099,3.41476,4.96283,2.42721,3.15684,2.50807,3.66548,2.12986,2.16296,2.53317,2.34269,1.99508,1.69355,2.03303,2.54975,3.43829,3.50248
E,A,15,0.6526,0.20516,0.27985,-0.67977,-0.23248,-1.00484,-0.44517,-0.71208,2.4372,0.36304,0.05695,0.11735,-0.32522,-0.31689,-0.41323,0.24559,-0.00911,-0.40193,-0.38158,-0.02808,0.38348,-0.56468,0.22971
P,A,16,1.07183,0.76021,0.82263,0.20345,0.41354,-0.30321,0.00061,-0.13046,-0.00152,0.94405,0.77908,1.02555,0.11959,1.01568,0.83799,1.10429,0.93157,0.09619,0.29635,0.86836,1.2197,0.155,1.2412
L,A,17,3.78216,3.12678,1.87582,-0.01331,2.22215,1.24515,1.95003,2.59913,7.56785,3.64782,3.32952,2.97205,2.65659,2.94957,1.88507,4.51887,2.54149,1.65606,2.11762,3.42411,4.3081,3.09901,5.56465
G,A,18,0.0,3.127,7.01817,3.73626,7.07706,3.53064,5.03224,4.61592,7.44946,4.12504,6.30102,3.60924,6.14997,2.8909,4.54988,3.14201,3.42502,4.0636,4.35716,3.98712,5.91439,5.37783,8.52878
R,A,19,2.20257,1.92615,1.26239,-0.35331,0.4337,-0.12196,1.70156,2.00981,2.84741,1.05604,0.00499,1.32015,1.70758,1.88473,0.68596,2.44031,1.67322,0.13624,0.0,2.06676,2.5568,1.59233,1.95989
V,A,20,4.64724,2.85908,0.00117,0.76713,-1.15897,-0.56475,15.2381,11.34256,3.37513,3.3065,1.52082,2.05656,20.9314,3.77631,3.03803,5.65537,3.58772,4.61268,7.26375,13.31456,10.2778,42.08714,8.12887
S,A,21,1.32514,0.31967,-0.17894,-0.96333,-0.49148,-1.38831,0.79583,3.15835,0.74436,0.00043,-1.22463,0.08693,1.79352,1.68764,-0.10131,2.42713,0.6041,-0.89691,-0.41574,5.50369,3.64618,2.48769,3.0883
F,A,22,7.21776,5.62162,3.46296,2.14032,2.36706,1.57555,-0.01335,1.42296,8.93976,6.59303,5.59867,5.17165,0.95255,5.45881,5.41499,7.40156,6.3825,5.1054,5.89842,3.90321,8.74424,8.00493,9.58722
E,A,23,1.88976,0.49116,-0.83214,-1.25397,-1.26814,-1.20108,0.22331,0.87615,2.78674,1.39593,0.49896,0.26571,0.24878,0.11451,0.11791,-0.04035,-0.0195,-0.56145,0.20019,1.89911,0.58416,-0.0969,0.40556
L,A,24,6.06453,4.43909,2.28823,-0.024,1.55364,0.51745,8.03912,17.79472,5.50732,5.44935,4.75396,3.53521,9.11054,4.42944,4.55131,5.99587,5.18845,5.44766,10.09432,6.45559,9.33087,22.82174,12.29522
F,A,25,3.31919,2.26093,3.37855,1.30685,3.12228,1.00999,-0.00626,1.81769,4.65205,2.21752,4.46689,2.50553,0.69536,2.42031,3.27033,4.52144,4.65022,1.40724,2.52051,2.73686,6.64034,1.19246,9.0963
A,A,26,1.34297,-0.0,-0.26219,-1.41615,-1.21293,-1.74491,-1.54634,0.00716,4.53342,0.41507,0.79395,0.33543,-1.1991,0.75918,-0.19881,1.1976,0.21146,-0.84077,-0.62151,0.38848,1.22285,-0.80011,1.78741
D,A,27,0.92745,0.17822,-0.45225,-0.68439,-0.74647,-0.3105,0.7132,0.4785,1.82201,0.78379,0.1669,0.03328,0.53848,0.82617,0.1224,0.01396,-0.76938,0.23239,0.03432,1.21378,0.65887,0.27329,-0.28281
K,A,28,2.49708,2.02979,1.03197,0.08054,0.15517,0.13441,0.27184,0.35797,2.69715,0.4318,-0.46443,1.74533,0.53968,1.10846,0.08879,1.93951,1.76176,-0.02224,0.13633,0.55694,2.51327,0.67276,2.26261
V,A,29,3.49543,2.14768,-0.03589,1.00102,2.39382,1.68478,5.90218,20.31908,5.55129,2.6719,1.58887,1.93817,7.94543,1.88662,3.82263,5.56191,7.09157,4.08221,9.39618,5.49238,17.52164,45.15942,20.50956
P,A,30,2.79368,2.23376,2.60901,1.96313,1.86986,1.46062,2.08042,1.53966,0.0,2.04799,2.07081,2.72243,2.15954,1.90476,1.80002,2.43411,2.27648,1.72847,1.27394,2.1049,2.62495,2.13471,3.88905
K,A,31,2.16299,1.06104,0.79231,-0.22674,0.25485,-0.55425,0.67509,0.5577,2.87937,1.87043,1.183,1.3421,0.61382,0.5089,0.34659,1.7219,1.00176,0.0,0.33845,0.62965,1.76824,0.78393,1.717
T,A,32,3.38143,1.53451,-0.64299,0.1338,-0.05161,-0.39974,5.84017,15.23872,3.19029,1.5595,-0.00743,1.41845,8.6309,1.54902,2.44492,3.85879,3.9571,2.93849,7.79218,3.1356,8.59727,29.25992,9.12366
A,A,33,1.82645,-0.0,-0.49948,5.72218,2.1329,0.79247,8.13054,10.23777,4.88106,0.68906,0.88217,1.0305,12.23228,4.56858,3.38533,5.39336,3.47403,2.93882,4.26114,11.54862,10.07817,10.73975,10.98404
E,A,34,1.92902,1.01311,1.32149,0.05471,0.8143,0.05135,0.55531,0.62762,4.44598,1.25445,0.71798,1.65533,0.58114,0.64813,-0.55428,1.12127,-0.01329,0.62768,0.56423,0.8202,0.67478,0.14806,1.11706
N,A,35,2.98084,1.09179,1.98093,0.20696,3.01084,-1.20196,4.78203,6.93712,6.32663,2.3094,3.14881,1.49614,12.86671,-0.01168,2.82136,1.65847,3.73296,2.92536,3.05793,3.8928,8.82469,33.34238,11.09906
F,A,36,6.41573,4.91423,4.78416,4.12468,3.65238,1.23269,-0.00492,5.19684,7.24438,5.24349,5.8431,4.95172,0.66646,5.34944,4.96049,6.20235,5.55596,5.5973,5.92753,3.49964,8.80008,13.66106,10.36368
R,A,37,3.35725,2.17777,0.71378,0.59929,1.87529,0.63333,1.59282,2.97533,8.21438,3.16644,2.77289,2.77772,1.61461,2.87999,2.24694,4.63471,3.14381,1.16117,-0.26813,2.55105,5.41525,2.4997,6.53754
A,A,38,1.57184,-0.0,-0.98661,-0.93521,-0.80114,-0.70198,0.68807,2.04618,5.03975,1.2015,0.47802,0.53453,1.49656,2.81937,0.47215,3.60262,2.44806,-0.39508,-0.12437,1.42207,3.95758,3.94089,3.63153
L,A,39,4.64585,2.79839,3.59795,-0.00382,3.10029,1.02727,6.99254,23.7739,6.19193,3.42442,3.61975,3.14258,12.96722,2.82364,3.98091,4.5732,4.64016,3.6708,10.50728,5.10142,8.73014,36.2237,10.02409
S,A,40,0.94262,-0.45621,-0.4784,3.53524,1.72829,2.98187,17.3544,23.89678,5.75986,0.00028,-0.66102,-0.19,23.30314,1.0079,6.50686,3.25227,6.21689,6.85744,11.91432,14.59622,13.26912,38.95138,14.15374
T,A,41,1.69154,1.18261,0.40403,0.26374,1.37452,0.66296,1.33981,1.55359,3.19577,0.67467,-0.00514,0.45928,1.35704,1.17749,0.84756,2.08209,1.45125,0.76786,1.09112,1.2806,2.338,1.39431,3.41188
G,A,42,0.0,2.81036,3.52054,1.49174,3.40661,1.81754,4.17319,4.58809,8.61329,3.23949,3.99624,2.75535,3.80466,2.5833,2.7791,4.13514,2.86086,1.95296,2.34639,3.52787,3.87772,4.16677,5.06667
E,A,43,1.51789,0.60627,1.20581,0.41224,0.93536,0.04558,1.06233,1.18588,3.15255,1.68946,1.31664,1.43112,0.97124,1.77377,-0.52075,1.53742,-0.05166,0.44729,0.70265,1.62242,0.60292,0.99226,1.32623
K,A,44,2.40597,1.65814,0.22941,-0.13024,0.25155,-0.00096,-0.22557,0.41896,0.6958,1.49442,0.93243,1.22978,0.06682,1.43827,0.96166,1.69165,1.34249,-0.04297,0.25046,1.1879,2.09149,-0.07168,1.95415
G,A,45,0.0,3.72068,5.15651,3.93586,5.10922,3.74976,3.78329,3.77622,8.65123,3.88678,5.06648,3.78001,3.79376,3.79407,3.25258,3.8149,3.78194,3.65948,3.46116,3.92047,3.89685,3.57114,5.27185
F,A,46,2.60074,2.28104,2.38557,1.33354,1.58534,0.47961,0.02912,1.22811,5.2508,2.03876,2.13484,1.8544,0.66444,2.19431,2.08872,1.85248,2.03319,2.04468,1.8168,2.133,2.4386,1.09085,2.54244
G,A,47,0.0,5.77691,14.7262,13.97456,15.47576,10.17986,11.13307,16.2925,7.98345,8.97398,14.27808,7.53365,13.93846,10.50066,11.76808,10.94898,12.68282,12.93544,13.78184,11.71638,16.54124,13.6801,23.8355
Y,A,48,6.18334,4.98944,4.37273,1.54204,3.20473,1.35311,0.50317,9.58418,6.89846,5.52919,4.89225,4.50789,0.04456,4.58686,4.74967,6.25994,5.31348,3.38994,4.94286,4.11274,8.01144,13.13904,9.43695
K,A,49,0.80925,0.84399,1.10834,0.28548,1.17695,0.43328,0.8074,1.29125,0.00323,1.19217,1.29154,1.08748,0.90742,0.71141,0.38448,1.51367,1.04154,-0.07285,-0.56545,1.33293,1.46315,0.83946,2.00321
G,A,50,0.0,3.371,4.5215,3.30956,4.17178,3.01681,3.26096,3.42485,7.27983,3.53681,4.55956,3.19752,3.26379,3.17632,3.12779,3.49412,3.42241,3.28509,2.77947,3.61464,3.55472,3.27478,4.89155
S,A,51,0.19479,-0.82671,0.8353,3.61416,1.67876,1.52084,9.14799,15.5573,5.16934,0.00139,1.32132,-0.28738,13.877,3.09323,4.16125,1.49124,1.88282,3.93035,4.08338,9.12452,5.92015,21.3783,8.41522
C,A,52,0.49988,0.15289,-1.09125,-1.29272,-1.15542,-0.77459,-1.56667,-0.24453,-0.48781,0.73537,0.23229,0.00063,-1.10546,0.8576,0.35675,1.16516,0.25176,-0.25283,0.59707,0.67282,1.61877,-1.67485,2.59306
F,A,53,6.44952,5.13131,4.10505,2.53254,3.43469,1.83922,-0.03307,1.88668,6.27882,5.48733,5.79149,4.64083,0.81876,5.01066,5.16231,6.12078,5.98096,5.14259,5.58052,3.79813,8.76485,5.5046,8.684
H,A,54,-0.12118,0.05776,0.59874,0.69443,0.44965,-0.93698,-0.76321,-1.7485,-0.14685,1.15868,1.12133,0.23895,-0.8883,0.28359,1.05363,0.97421,1.44919,1.14947,1.52451,-0.08446,2.99307,-0.74929,3.99802
R,A,55,2.97795,1.75182,1.11529,-0.22088,0.94233,-0.52123,1.93883,2.19677,5.35314,1.95233,0.48413,1.2545,1.42644,0.8268,1.12275,2.44644,1.36815,0.44211,-0.06594,1.43714,2.61848,1.68702,2.81929
I,A,56,6.3447,4.49502,1.28656,0.50166,-0.0023,0.72038,9.21677,14.71802,7.81738,4.60853,2.99417,3.40908,14.8963,4.31795,4.20089,5.3042,5.12979,4.20579,8.56113,7.37181,8.58889,28.88872,7.44728
I,A,57,3.90872,2.50525,0.97156,0.33758,-0.00142,0.7513,1.55173,2.03433,2.8101,3.32923,2.7125,2.14316,1.80835,1.32428,2.1493,2.81852,2.20498,1.23481,1.11979,1.82936,3.66541,1.16712,2.43754
P,A,58,3.19372,2.30778,3.16483,2.43861,3.0371,2.32613,2.83616,3.57887,-0.00327,2.51701,3.05331,2.94183,2.94059,3.52166,2.5186,3.80775,2.8018,2.55661,2.69036,3.11897,3.31041,2.73282,4.53346
G,A,59,-0.0,3.16775,4.33699,2.85444,4.19152,2.83996,2.59762,3.50999,6.95359,2.96248,3.77666,3.49412,2.64138,2.49566,2.45413,3.19035,2.98876,3.05884,2.29052,2.58153,3.06701,2.4601,4.3191
F,A,60,3.34336,2.66441,2.15143,0.80241,1.59958,0.49467,-0.03781,1.17335,5.30937,2.80478,2.64312,2.29298,0.3044,1.93065,1.92807,3.06304,1.82566,1.70767,1.69629,1.6065,2.85612,0.21866,2.85305
M,A,61,3.77503,3.01602,3.02824,0.57465,2.10178,0.0,6.50287,6.94184,5.09071,2.6185,1.84166,1.29805,12.9071,2.15681,2.18107,3.19104,2.32617,2.94092,2.59894,2.12746,4.14544,4.54514,6.3567
C,A,62,3.04732,0.74976,-1.50811,-2.10926,-3.1694,-1.4322,5.11658,12.95105,2.60011,2.07003,-0.24473,-0.00157,8.73582,0.41351,-0.05625,2.61976,2.47936,1.37478,7.09882,-0.97402,6.21978,25.49868,8.18073
Q,A,63,3.2558,1.57031,0.11299,-1.4102,1.41306,-0.93576,4.2301,7.53845,6.13995,2.05928,0.8744,0.89495,8.60817,2.27136,-0.02495,3.23079,1.36285,0.52425,1.1694,5.90237,3.88674,14.16488,5.68408
G,A,64,0.0,0.88351,8.76165,7.07445,9.46775,8.28948,17.77806,36.55718,5.75241,0.72712,6.0155,2.2382,25.25586,7.4667,11.85189,7.925,11.07716,14.87104,21.69422,19.30344,15.03868,60.23008,22.87876
G,A,65,0.0,8.81206,23.67482,22.02376,29.25798,23.70234,33.7333,51.45966,18.99742,12.8588,22.0553,13.53836,57.09788,22.00894,23.84868,22.60496,20.89884,32.59114,33.758,59.73852,34.8006,90.58924,43.90942
D,A,66,3.57395,2.55888,3.9517,11.607,4.51401,12.11182,17.95956,32.53714,3.95863,4.24324,6.00738,3.47356,17.75456,7.66338,10.20995,-0.00329,11.60592,11.46029,13.24202,12.9248,13.89224,51.0845,13.52816
F,A,67,3.58531,3.01292,2.73022,2.41923,2.6288,1.49772,-0.02875,1.63344,2.52731,3.89995,3.9108,2.99837,-0.06004,3.16383,3.71206,4.24902,4.13976,3.80544,4.08929,3.29178,5.2857,3.28083,6.00027
T,A,68,1.07625,1.17766,0.23428,-0.44288,0.16037,1.02903,0.63968,1.08815,2.14961,0.76178,-0.00082,0.92577,0.55313,0.87125,0.10604,0.70625,0.69067,0.11123,0.15763,1.13796,0.55894,0.24478,2.0176
R,A,69,3.14778,1.15432,2.2981,1.45501,1.70141,1.37751,0.85906,2.92965,8.05929,1.73328,1.87677,1.8291,1.12445,1.59362,1.52219,1.51082,1.75537,0.77567,-0.0,1.64871,2.15956,1.51063,3.95533
H,A,70,-2.10283,0.04614,1.60019,-0.33909,2.06554,-0.44873,-0.79662,0.07315,3.71371,-0.23238,1.01017,-0.0037,-1.17332,-0.19479,0.00106,0.76537,0.00579,-0.52154,-0.52201,0.00131,0.58886,-0.35864,1.85718
N,A,71,0.87957,1.05215,1.73957,1.30916,1.35775,0.9404,1.2962,1.24685,6.17929,0.5572,1.04172,1.19934,1.24882,-0.00844,0.72543,0.29782,1.47957,1.16318,0.61927,0.85525,1.30836,1.11808,1.77718
G,A,72,0.0,3.04599,5.6826,3.48206,4.87127,2.51304,3.20111,4.39029,9.85457,4.21801,5.88786,3.23794,3.55353,4.51804,3.57976,4.4509,3.61984,3.16717,3.39139,4.23221,4.00561,2.64218,7.0787
T,A,73,0.93595,0.7575,0.603,0.29201,0.69701,0.60049,0.28564,0.84926,1.34569,-0.40485,-0.00235,0.86635,0.43494,0.16028,0.40309,0.59901,0.41198,0.12453,0.00077,0.75173,-0.04445,0.42001,1.35537
G,A,74,0.0,4.75723,13.01448,13.62566,20.48006,9.43298,11.46125,13.45256,18.18778,6.97666,12.76836,8.24908,14.69512,11.26863,10.35226,11.502,11.02526,9.36291,9.10017,20.85402,14.88768,16.12891,24.6614
G,A,75,0.0,4.47027,13.20336,14.49752,14.82012,8.83661,14.90396,21.05338,13.59478,6.9269,12.5689,5.91983,14.4881,10.88119,11.61148,10.17802,12.18078,12.7393,11.4659,10.93742,14.28934,16.975,21.29324
K,A,76,1.18767,0.66842,1.22247,-0.48698,0.75584,-0.68991,2.02959,2.21855,2.1679,0.14461,0.42904,0.42003,1.97812,0.91516,-0.19525,1.84296,0.34687,0.00457,-1.67177,1.4194,1.22723,0.41976,2.52614
S,A,77,0.23209,-0.38912,4.9895,7.26308,5.97894,6.41073,38.0507,43.62264,1.40972,7e-05,4.30608,1.93725,39.88218,8.1802,13.95948,7.44356,11.40876,12.4829,20.30588,21.0385,18.33816,48.92138,22.79502
I,A,78,3.70834,2.52872,0.77263,0.65324,-0.00027,0.53614,6.166,5.60863,2.84538,2.67689,1.81293,1.14974,6.58457,2.22162,2.79014,4.80379,3.24988,2.05585,2.18904,5.43693,6.39966,4.60876,5.95737
Y,A,79,4.92277,4.26673,4.15775,1.64152,3.10093,1.21069,0.31969,1.90085,5.68144,3.9194,3.39822,3.97511,-0.00074,3.6326,3.27408,4.26316,3.86883,3.13597,3.2342,3.44363,4.59934,1.79201,6.01699
G,A,80,0.0,2.1878,4.53817,2.42753,4.81376,2.25644,2.42783,2.53139,5.13062,2.07484,4.51235,2.3418,2.51632,2.39372,1.99323,2.61779,2.3989,1.69913,1.65951,2.42173,2.61692,2.38913,5.40505
E,A,81,0.79701,0.39502,0.54087,0.30398,0.27576,0.12066,0.26186,0.20509,-0.7813,0.7037,0.54366,0.67664,0.27428,0.61579,-0.16233,0.51564,-0.01019,0.22221,0.22436,0.75108,0.56642,0.01813,0.50321
K,A,82,1.47244,0.91836,0.36467,0.43633,0.30223,0.22742,-0.00226,0.41046,2.88187,1.06557,0.96046,0.71894,0.10004,1.04931,0.60791,1.83925,1.23436,-0.00533,-0.26821,0.36906,1.67628,-0.09616,1.7413
F,A,83,5.2644,4.43923,3.3648,2.83658,2.86925,1.7545,-0.01733,4.10353,4.74199,4.32719,3.85562,4.08054,-0.14867,3.4718,4.68781,5.72626,5.4044,1.70122,3.69902,3.17519,5.77159,5.36927,5.56772
E,A,84,0.69647,0.11711,0.89533,0.15475,0.65031,0.05025,0.67102,0.91573,-0.79332,0.73022,1.38362,0.61741,0.66806,0.8651,0.44057,0.71708,-0.00251,0.48276,0.10358,0.68041,0.69489,-0.12955,1.39873
D,A,85,3.28628,2.21826,1.78681,0.39395,1.09707,0.85064,-0.46709,1.09793,3.96434,2.73987,1.67395,1.70812,4.03845,1.35111,2.29256,-0.04252,2.3281,2.51903,2.19831,1.8597,3.64916,3.01874,3.77397
E,A,86,5.62176,4.34728,3.5847,2.86573,3.57174,3.41416,3.02467,4.03349,3.89296,4.12312,3.01278,4.87302,3.402,4.79801,3.41617,4.29436,-0.0596,4.0095,4.80118,4.88671,3.9804,2.74555,5.84263
N,A,87,1.45117,1.68502,2.79399,1.96783,2.35117,1.10752,1.5594,1.91533,5.21785,1.23745,2.03302,1.4735,1.59828,-0.00522,1.4891,1.15412,2.06811,1.06456,0.75479,1.37209,1.09361,1.70021,2.70749
F,A,88,1.69165,1.99391,1.87945,0.82244,1.96232,0.6704,0.00644,1.71793,2.99489,2.13276,1.87026,1.53264,0.01906,1.80279,1.61109,1.92767,2.10627,1.12743,1.30984,1.60637,2.62305,1.84778,2.73636
I,A,89,1.48215,0.63759,0.77225,-0.13332,-0.00857,-0.26274,0.3146,0.23979,1.94905,1.2519,1.0912,0.99181,0.41666,1.02627,0.34911,1.09958,0.67585,0.02543,0.19189,0.91899,1.3366,0.30623,1.45467
L,A,90,3.42523,2.44867,2.14035,-0.03337,0.83007,-0.07823,0.58961,1.0617,1.86187,2.49097,1.57785,2.09951,1.13752,1.93502,1.65845,3.74288,2.61237,1.14216,1.60177,2.86103,3.74465,1.15644,5.70547
K,A,91,0.80834,1.00144,1.18329,0.42766,1.04127,0.66493,0.41313,1.17873,0.95132,0.84561,1.09158,0.95541,0.45914,1.41151,0.12317,2.072,1.24999,-0.01226,-0.01913,1.52574,1.49651,0.85493,1.5985
H,A,92,2.40972,1.42091,1.01783,0.02869,1.06651,0.68716,2.64253,10.74318,1.36896,2.17174,2.01551,1.43837,7.51538,-0.30512,1.51166,3.01087,2.22321,1.39191,7.5959,-0.00143,9.0613,34.23266,8.12585
T,A,93,-0.22859,-0.13586,-0.10327,-0.468,-0.31824,-0.71594,-0.47831,-0.15822,1.0637,-0.1137,-0.00215,-0.32178,-0.4075,-0.35026,-0.77057,-0.08162,-0.31838,-0.46171,-0.64411,0.1435,-0.05845,-0.60403,0.15041
G,A,94,0.0,2.21083,3.73756,2.01338,3.50838,1.68462,2.59253,2.55053,6.11253,2.50791,3.69589,1.92794,2.78318,2.17058,1.69063,1.83641,2.01746,1.87374,1.64407,2.31734,2.28733,1.19763,3.99542
P,A,95,2.13638,1.59049,1.9831,1.46572,1.30982,0.77218,1.19244,1.06438,-0.01002,2.12181,2.43382,1.95099,1.26412,1.97932,1.48054,1.91566,1.50506,1.30243,1.52982,1.89028,2.26541,0.91045,2.88224
G,A,96,0.0,2.43294,4.53275,4.43999,5.0904,2.17246,8.39726,9.63523,6.27826,4.61876,5.02438,3.52486,10.03412,6.0094,2.9576,7.4182,3.98563,2.95506,1.81017,9.75147,5.05886,9.022,7.8376
I,A,97,2.64414,1.24035,0.25439,0.00573,-0.01384,0.04304,3.40086,4.60503,3.77689,1.74699,0.95981,1.64528,5.051,1.66579,2.12788,2.68351,2.88374,0.72972,0.71004,4.11722,4.75554,7.2104,5.82675
L,A,98,6.06563,4.4683,0.8422,-0.05993,-0.21344,1.07263,7.70461,16.94268,9.68191,4.74774,3.3716,3.43116,11.98704,3.85604,3.02446,4.46399,3.85868,5.76513,10.39799,5.45803,7.39297,30.88884,11.3495
S,A,99,1.56878,-0.0339,0.24279,5.09687,1.3905,6.01098,20.62168,32.15338,3.87955,-0.00569,1.69158,0.72581,26.01194,6.93494,8.69126,7.08354,8.54594,10.77837,20.9528,21.8835,14.49176,47.11984,14.63494
M,A,100,4.08735,2.47787,0.82704,-0.13549,1.95686,-0.02168,1.83287,3.10698,5.88135,2.67654,1.91428,2.05126,1.14339,1.9872,2.35572,4.19904,3.61992,2.27112,3.4675,4.50626,6.44086,27.85422,9.06415
A,A,101,1.16933,-0.0,-0.19634,0.76112,1.09241,-0.0962,-1.381,0.44138,5.60201,1.24838,2.04694,0.51729,-1.07977,1.30324,1.87522,1.13064,0.28051,0.88827,1.19636,1.24911,2.24335,-0.68443,5.12618
N,A,102,1.22887,1.07765,3.34195,-0.34038,3.15746,-0.07253,3.20877,10.94353,5.18617,0.70092,3.91531,0.56366,3.36611,0.00258,1.80372,1.98339,3.6752,0.9273,3.20428,1.89625,8.8679,6.36354,13.18306
A,A,103,0.30396,0.0,0.38163,0.51026,0.42458,-0.19619,0.17994,0.17724,1.08256,0.29702,0.4369,-0.11564,-0.12526,0.18078,-0.10681,0.10003,-0.017,-0.08595,-0.85234,0.33528,0.49413,0.30221,0.58416
G,A,104,0.0,2.20184,3.90223,2.02149,3.51008,1.92138,2.65123,2.49296,7.68036,2.60318,3.76392,2.23858,2.66105,2.13878,2.00606,2.25354,2.15562,1.80616,1.38615,2.3596,2.4673,2.17042,4.51172
P,A,105,1.70139,1.28191,1.48009,1.38908,1.66727,1.14069,1.05455,0.96414,-0.00031,1.44691,1.44163,1.63651,1.14813,1.75761,1.22445,1.2986,0.76702,1.07903,1.02257,1.25159,1.17034,1.38716,1.80666
N,A,106,0.21565,0.67838,2.71442,0.53023,3.01309,1.72262,0.75274,2.61146,5.09469,1.48474,2.97983,0.64586,0.82527,-0.00721,0.60438,1.01666,0.98703,0.14415,0.34523,0.06655,2.19494,1.53371,3.89431
T,A,107,0.48851,0.07549,0.79225,0.14577,0.85687,0.04474,0.13847,0.30137,5.37793,0.40059,0.00131,0.19749,0.21076,0.37413,0.54081,1.01448,0.94289,0.30251,0.1161,0.61259,1.94779,0.43774,3.52649
N,A,108,2.22442,0.97702,0.43051,-1.45159,-0.64076,-1.83809,1.83488,13.2742,2.31713,2.18745,1.94527,1.01665,4.47709,-0.00863,1.29918,4.39692,3.23859,-0.11139,3.85484,1.89304,9.392,18.10994,9.83454
G,A,109,0.0,0.34651,1.53968,0.57036,2.01291,0.32322,1.29743,1.54334,-1.21061,0.54678,1.02581,0.54156,3.04571,0.43682,0.59792,0.31847,1.75365,0.2139,0.28839,1.46306,3.6075,2.71849,6.24544
S,A,110,0.79863,-0.07649,3.64212,7.05079,6.77103,7.40272,24.09232,35.0348,1.83367,0.00469,2.46922,2.43888,29.96948,7.04267,9.3995,7.87514,12.15506,15.37934,17.31894,22.68538,15.99816,42.83108,16.0888
Q,A,111,3.5131,2.25947,1.81015,0.81599,1.66809,0.70225,4.84914,6.59847,1.36608,2.14843,2.5977,2.34394,3.63652,2.50997,-0.06061,4.05587,2.37823,0.69172,1.52749,5.32794,4.74405,7.46956,4.23542
F,A,112,6.18215,4.92286,2.37247,4.76993,1.93962,1.66231,-0.00175,6.54131,6.88315,5.69883,4.51623,4.18824,1.60325,4.94698,5.93588,6.41111,5.90552,6.07003,9.9863,3.29153,9.01798,12.60566,8.30447
F,A,113,5.67205,4.19892,2.67241,4.16342,2.26405,1.13068,-0.01504,4.82589,6.26739,4.67338,4.82729,3.93404,1.38083,4.91864,4.59364,5.91064,4.96571,5.138,6.44598,3.45667,7.98761,21.31152,11.468
I,A,114,5.82936,4.6164,1.38922,0.30139,-0.00522,-0.07342,6.52607,8.51198,5.38372,5.26892,3.55632,3.61086,8.16098,4.28384,3.51351,4.61423,3.98474,4.30085,6.45631,4.98386,5.74295,27.34156,4.06093
C,A,115,1.75104,0.25698,0.60394,-1.62746,1.99518,0.72075,8.08155,16.28808,0.53711,0.17274,0.76285,-0.00596,12.13512,0.55088,3.39961,-0.40241,2.65652,4.02498,14.68576,7.56875,5.02029,30.99748,7.55066
T,A,116,0.43766,-0.22408,-1.23878,-2.93541,-2.18435,-2.90177,0.03487,2.50574,3.67064,0.87418,-0.00253,-0.68584,1.16942,-0.25041,0.06486,2.43047,3.31593,0.04194,-0.17805,0.93133,7.31553,2.10367,6.65841
A,A,117,0.4375,0.0,0.37644,0.36485,0.17013,-0.74861,0.07025,0.21077,4.55301,-0.28034,0.33953,-0.39632,0.10068,-0.82235,0.09504,0.00145,0.58449,-0.34213,-1.26159,0.53952,0.64377,0.07025,1.40161
K,A,118,0.70468,0.19604,0.34112,0.29964,-0.03283,0.26027,0.40898,0.35978,-0.83452,0.72917,0.51083,0.32623,0.34838,0.77262,0.18903,0.98846,0.12298,-0.05315,0.02847,0.09285,0.86374,0.37326,0.80931
T,A,119,0.97845,-0.50358,-1.51263,-2.85023,-0.43915,-0.67726,3.47242,6.42831,0.25546,0.34642,0.00869,-0.66974,8.24718,-0.51809,-0.26193,-0.45188,-0.40774,0.25418,1.13792,0.98641,4.29723,27.53718,9.3009
E,A,120,0.39335,0.03998,0.60136,0.08391,0.48557,-0.07471,0.01151,0.3665,-1.62736,-0.31514,0.62861,0.56494,0.17039,-0.06443,-0.04525,0.45091,-0.02764,0.18534,-0.29179,0.28764,0.58643,-0.37643,0.80676
W,A,121,1.38496,1.27366,1.19385,0.39323,0.48972,-0.3451,-0.58917,-0.01154,1.2467,1.20265,1.6249,1.11222,-0.05725,1.36882,0.88491,1.26922,0.73019,0.50106,0.84529,0.98411,1.09647,-0.40517,1.24313
L,A,122,3.72813,2.61425,4.45936,-0.01029,4.82371,0.07561,0.1094,3.57572,5.46692,3.25746,4.30947,2.13238,0.05081,3.19913,2.38244,3.25411,1.09063,2.49381,3.20854,2.9837,2.66195,-0.68785,8.55932
D,A,123,1.17751,0.49301,0.43877,0.98205,0.20969,0.16192,0.11641,1.06162,3.19715,0.54817,-0.12488,0.54887,0.24455,0.48062,0.64156,-0.00117,0.92887,0.60409,-0.0176,0.9632,1.02952,-0.11874,1.12312
G,A,124,0.0,2.37801,4.29732,1.94722,3.7781,1.70873,3.12303,3.00088,5.86318,2.42293,3.0923,2.40264,3.18752,1.91558,2.22538,2.34243,2.17172,1.92746,1.87451,1.87365,2.52792,3.10297,3.60137
K,A,125,1.57044,1.73463,1.2914,0.66257,1.58347,0.67697,0.95597,0.75583,3.79535,1.4036,1.45915,1.55374,0.98578,0.92772,1.38715,1.22941,1.08857,-0.0159,0.76134,1.36515,1.41609,0.5912,1.76908
H,A,126,3.51234,1.79109,2.05499,1.61735,1.9067,-0.04311,1.26148,5.17837,4.85858,2.10116,2.95325,1.22551,1.73864,1.56273,3.50191,3.31784,2.84606,1.41899,2.48044,0.02192,4.74327,0.9941,7.89677
V,A,127,3.13024,1.93949,-0.00486,1.9015,0.7566,2.87361,11.6184,22.26274,0.20865,1.86296,1.46228,1.17222,16.54648,2.42371,4.31892,4.18667,4.24321,3.53513,7.88138,7.64491,14.8722,42.12302,11.13
V,A,128,3.32135,1.4862,-0.00123,1.828,1.34286,0.76053,6.22579,9.89504,1.49498,3.22506,1.94601,1.68005,9.76909,2.99111,3.39172,3.09258,3.61273,1.99686,3.81245,5.24492,9.64362,10.63169,15.97628
F,A,129,5.84492,5.55237,3.84857,2.57039,3.8435,1.47196,-0.01894,11.52668,6.38326,6.42445,6.24984,4.73444,1.12188,4.9038,5.3306,6.78755,6.76145,5.8281,6.04238,3.25799,9.91381,14.5111,13.01438
G,A,130,-0.0,3.32228,6.79693,12.38112,10.79736,7.98034,35.32914,57.31224,11.88448,5.5978,8.24819,7.05345,40.06902,13.10108,9.25453,13.10218,12.21398,16.36786,28.20674,33.12952,23.15182,68.33462,23.79662
K,A,131,1.83182,1.13979,0.12611,0.14817,-0.44401,-0.01231,1.48346,1.8195,4.01203,0.8034,0.23259,0.80234,0.7874,1.93597,0.00559,2.97505,1.12218,-0.06627,-0.76544,-0.00136,1.63515,1.89053,1.51009
V,A,132,4.75189,3.02889,-0.00177,0.93388,-0.03386,2.79833,5.34462,5.1466,4.9855,4.36711,2.57924,2.42878,5.74004,3.66494,4.07406,4.63562,3.79375,5.02812,5.25303,7.74124,10.72162,5.06319,9.6339
K,A,133,1.67618,1.16134,0.60182,-0.10543,0.06138,0.17201,0.08073,0.26995,7.81906,1.99693,1.62597,1.70113,0.34242,1.10593,-0.02504,1.21765,1.53066,-0.01097,0.6055,0.96433,2.47162,0.5132,4.35208
E,A,134,1.3698,1.13738,0.75164,0.22441,0.82372,0.20139,0.22766,0.52591,3.79694,0.61765,0.49877,0.72932,0.34141,0.55055,-0.14623,0.57021,-0.0,-0.42129,-0.31698,0.3044,-0.11861,-0.12401,0.32209
G,A,135,0.0,5.37758,17.06858,10.54696,18.18342,9.36955,11.31372,12.94046,10.3382,9.10341,15.5908,8.73439,11.80982,11.479,9.62234,12.9372,10.47676,9.50995,10.65314,13.0955,12.08484,9.58186,21.09682
M,A,136,2.40653,2.33606,2.60938,0.81453,1.45775,-0.00481,0.64584,-0.40996,1.35368,2.61221,2.18868,2.82398,1.03357,2.59413,2.09281,1.51927,1.84401,1.8742,2.03318,2.57496,2.6368,1.76553,2.27874
N,A,137,0.2407,-0.39187,-0.0844,-0.55501,-0.29393,-0.61583,-0.66532,-0.41645,-1.11113,0.04048,0.04464,0.12851,-0.53328,0.00471,-0.7613,-0.51222,-1.44624,-0.64514,-0.55175,0.39401,-0.59236,-0.8065,-0.54908
I,A,138,3.00246,1.43775,0.38491,1.02975,-0.0023,0.63241,2.19451,2.30446,1.62945,2.91147,1.39587,1.39022,2.46492,2.58136,2.14952,3.01632,1.83594,1.04951,1.49631,2.10894,3.35687,0.87501,3.03016
V,A,139,4.37476,2.34276,-0.00023,-1.03454,-1.20428,-0.74329,2.801,6.1556,0.92548,3.58897,2.31184,2.1931,4.58752,3.1628,2.33633,3.90977,3.37485,3.60294,6.41141,3.31454,8.37145,21.06826,7.44661
E,A,140,0.74629,0.00434,0.231,-1.17852,-0.81658,-1.54934,-1.64018,-1.74477,3.16572,0.0009,0.86052,0.55059,-1.3529,-0.17469,-0.31824,0.87418,-0.00566,-0.66488,-0.85102,-0.09654,0.83554,-2.2836,1.4595
A,A,141,1.29894,0.0,0.02882,-0.77968,-0.81789,-0.91459,-0.46499,-0.34303,3.62575,0.56242,0.72668,0.64219,-0.25914,0.14629,-0.70653,0.52357,-0.20863,-0.40749,-0.18909,0.32629,0.2116,-0.63525,-0.22092
M,A,142,6.12664,4.30398,1.74985,1.41153,0.76823,-0.0263,11.2487,12.93732,8.08001,5.04348,4.45316,4.23583,16.15234,5.06737,3.08067,6.10341,4.51401,3.33533,4.69122,9.51397,8.25039,40.7842,7.23214
E,A,143,2.37643,1.06814,0.76518,-1.36836,0.18787,-1.1222,7.29603,8.91522,5.98575,2.24607,2.15126,1.55606,5.62267,1.29186,0.15656,2.20278,-0.00434,0.71097,1.33912,7.4311,1.99907,5.68615,6.7677
R,A,144,0.9328,0.56995,1.06577,-0.28483,0.65124,0.20432,0.12837,0.73682,2.4158,0.03888,0.10663,-0.11635,0.33119,0.40099,-0.35068,0.70917,0.13283,-0.00151,0.00015,0.17263,0.59613,0.45765,1.6999
F,A,145,4.05456,2.98814,2.45738,1.52011,2.00761,0.67301,-0.00537,1.69556,5.56887,2.89372,2.47763,3.19188,0.34362,2.42823,2.27949,4.30685,4.0915,1.98037,2.0396,2.43983,5.58788,-0.24453,7.9299
G,A,146,-0.0,5.93764,16.31258,22.5023,19.57076,19.71502,44.72268,52.30266,13.15636,6.83944,12.81868,8.81508,44.3024,18.58894,27.12904,14.11284,23.95904,22.98246,21.95104,43.98084,30.51872,56.6546,40.01174
S,A,147,1.15384,0.83728,1.55967,1.31047,1.28524,0.69298,0.8439,1.01835,5.29637,0.00066,1.05837,0.64197,0.84457,-0.06875,0.75319,0.36317,1.12276,1.18574,0.57047,1.14683,0.58658,0.70764,2.09617
R,A,148,0.46039,0.33723,0.51653,0.39618,0.34519,0.08423,0.33356,0.31378,-0.63108,0.62491,0.54249,0.76755,0.31356,0.59847,0.29374,0.52904,0.04963,0.28031,-0.05374,0.69747,-0.18739,-0.02754,0.56341
N,A,149,0.61619,0.7816,1.12601,0.53054,0.77818,0.38692,0.59137,0.60968,0.34389,0.82132,1.24713,0.7519,0.62941,-0.01358,0.66914,-0.36413,0.41524,0.67212,0.77352,0.92259,0.72392,0.26912,0.98504
G,A,150,0.0,3.82602,8.08032,6.21973,8.6505,5.56739,9.37644,10.70032,9.41098,6.14934,8.19739,5.12199,9.42455,8.13033,6.49714,8.13758,6.80705,6.31174,7.45719,8.70776,8.04223,8.20514,11.56607
K,A,151,0.53452,-0.12657,0.51915,0.17103,0.44595,0.21905,0.24814,0.41219,0.81734,-0.20887,-0.16048,0.35123,0.25643,-0.02774,-0.03373,0.29533,-0.55465,-0.00915,-0.20189,0.18206,-0.3815,0.1287,-0.09021
T,A,152,1.15608,0.22096,-0.97418,-0.43938,-1.3367,0.33917,0.80131,2.68134,-1.00883,1.50615,0.00173,-0.29976,1.13918,0.79873,1.79139,2.83509,2.37225,1.62666,1.58053,1.28168,3.42121,0.80017,3.62923
S,A,153,0.35181,0.09501,0.14484,-0.14577,-0.34469,-0.56516,0.03203,0.49165,1.10229,0.0,0.61205,-0.36446,0.17932,0.01499,-0.28389,0.01683,-0.01776,-0.55029,-0.2457,0.40599,-0.08383,0.02401,0.07396
K,A,154,2.76696,1.38273,0.0423,0.2887,0.8801,-0.22029,0.0852,0.53419,2.03394,1.81909,1.98362,1.2472,0.21766,0.83592,0.66636,2.81478,1.75964,-0.00368,0.49772,0.36448,2.78277,0.06111,3.71238
K,A,155,1.28466,0.75498,0.26976,-0.05527,0.01995,-0.18616,-0.29528,0.23176,1.1239,0.73824,0.04276,0.44597,0.23829,0.14749,0.04121,0.5328,0.33169,-0.00989,0.20562,0.68339,0.88865,0.38214,0.62008
I,A,156,6.62602,5.04457,1.34043,0.44783,-0.00739,1.2357,11.32391,15.96166,4.59352,5.9312,3.63579,3.82552,16.53848,4.51031,4.85282,5.68017,5.71058,6.80977,11.5588,8.55453,9.88926,44.85308,11.57546
T,A,157,0.85203,0.19655,-1.31864,-1.79963,-1.68642,-1.79392,3.79801,2.47931,4.537,0.59879,-0.01315,-0.1921,5.36981,-0.22592,-0.60864,1.29059,0.12471,-1.27171,-1.1546,1.67855,1.61176,2.36614,0.79298
I,A,158,4.97866,3.86466,1.01785,0.96261,-0.00226,0.45944,8.08043,12.45349,4.5894,5.21916,3.29195,3.59428,9.87582,2.88884,3.58239,3.96399,3.53114,3.725,5.52203,8.57024,7.35371,27.81928,5.05993
A,A,159,0.74323,-0.0,0.74251,-0.96218,0.43097,-1.24207,0.0518,-0.03994,2.2049,0.37218,0.76939,0.73391,0.16741,0.52634,-0.03553,0.52532,0.25646,-0.68928,-0.39819,0.65305,0.72172,0.17017,1.94921
D,A,160,0.31167,-0.31923,0.91178,-0.23073,0.33984,-0.4325,-0.17463,-0.19507,2.77102,-0.5663,0.29756,0.01424,-0.16624,-0.07954,-0.84303,-0.00273,0.14785,-0.53643,-0.74497,-0.05001,0.1062,-0.41481,0.45375
C,A,161,1.7475,0.54175,2.75111,3.41313,3.80113,3.1998,13.76694,26.539,2.09044,0.19228,-0.39515,-0.00222,16.26166,2.42809,6.6687,4.59121,7.65135,9.44776,10.52972,9.78069,11.4042,23.86352,16.6734
G,A,162,0.0,2.73805,5.99051,3.92185,6.15248,3.58889,3.53824,5.09035,8.08149,3.36831,5.00891,3.45171,3.88742,2.51076,3.2867,3.12971,3.55967,3.17983,3.04412,3.8263,4.79682,4.08127,8.21505
Q,A,163,1.67259,1.00147,0.44893,-0.59933,-0.05387,-0.51254,0.61636,1.8472,1.85514,1.48263,0.60479,0.69131,1.02201,0.79239,-0.02885,1.71157,0.75132,0.01047,0.5948,1.40067,2.09105,1.21646,1.50713
L,A,164,1.49681,0.92598,1.10841,-0.00011,0.48111,-0.41585,1.18881,1.22211,1.59836,1.38052,1.45445,0.92474,1.40658,1.46794,0.99553,1.41613,0.90857,0.67571,0.97713,1.45738,1.55771,1.11029,2.80017
