mutation,mutation_label,position_label,state,energy_unit,score_function_name,total_score,fa_atr,fa_rep,fa_sol,fa_intra_rep,fa_intra_sol_xover4,lk_ball_wtd,fa_elec,hbond_sr_bb,hbond_lr_bb,hbond_bb_sc,hbond_sc,dslf_fa13,omega,fa_dun,p_aa_pp,yhh_planarity,ref,rama_prepro,cart_bonded
A.P.4.L,P4L,P4,wt,kcal/mol,ref2015_cart,-285.74660,-466.48912,35.70272,254.96735,0.69320,12.91667,-21.55680,-120.38435,-15.00952,-22.08844,-17.79898,-9.74728,0.00000,0.24524,59.38912,-20.22245,0.00986,19.52109,-3.63503,27.73946
A.P.4.L,P4L,P4,mut,kcal/mol,ref2015_cart,-285.80102,-468.17211,35.93946,254.82177,0.70442,12.91224,-21.54762,-120.63878,-15.00952,-22.69932,-17.76769,-9.66259,0.00000,0.49014,59.29592,-19.80306,0.00986,20.64524,-3.46293,28.14286
A.P.4.L,P4L,P4,ddg,kcal/mol,ref2015_cart,-0.05442,-1.68299,0.23673,-0.14558,0.01122,-0.00442,0.00918,-0.25442,0.00000,-0.61088,0.03129,0.08469,0.00000,0.24490,-0.09320,0.41939,0.00000,1.12415,0.17211,0.40340
A.V.6.M,V6M,V6,wt,kcal/mol,ref2015_cart,-285.72755,-466.48095,35.69932,254.95170,0.69388,12.92177,-21.54456,-120.39694,-15.00952,-22.07823,-17.79932,-9.75408,0.00000,0.24388,59.43265,-20.22483,0.00952,19.52109,-3.63741,27.72449
A.V.6.M,V6M,V6,mut,kcal/mol,ref2015_cart,-283.34864,-468.84660,36.44694,256.82279,0.71565,12.92483,-21.51395,-120.60816,-15.00952,-22.05952,-17.79558,-9.75510,0.00000,0.36463,60.80612,-20.00204,0.00986,19.18605,-3.44320,28.40782
A.V.6.M,V6M,V6,ddg,kcal/mol,ref2015_cart,2.37891,-2.36565,0.74762,1.87109,0.02177,0.00306,0.03061,-0.21122,0.00000,0.01871,0.00374,-0.00102,0.00000,0.12075,1.37347,0.22279,0.00034,-0.33503,0.19422,0.68333
A.S.21.F,S21F,S21,wt,kcal/mol,ref2015_cart,-285.72075,-466.45952,35.64286,254.93878,0.69422,12.92007,-21.56088,-120.37789,-15.00952,-22.07075,-17.80170,-9.75204,0.00000,0.24694,59.42041,-20.22381,0.01020,19.52109,-3.63503,27.77551
A.S.21.F,S21F,S21,mut,kcal/mol,ref2015_cart,-284.63776,-466.88810,35.92789,252.54116,0.70680,13.08844,-21.56020,-118.45272,-15.00952,-22.08707,-17.80170,-9.08095,0.00000,0.23265,59.47619,-20.38027,0.01020,20.03401,-3.76156,28.36701
A.S.21.F,S21F,S21,ddg,kcal/mol,ref2015_cart,1.08299,-0.42857,0.28503,-2.39762,0.01259,0.16837,0.00068,1.92517,0.00000,-0.01633,0.00000,0.67109,0.00000,-0.01429,0.05578,-0.15646,0.00000,0.51293,-0.12653,0.59150
A.E.23.Q,E23Q,E23,wt,kcal/mol,ref2015_cart,-285.73367,-466.55816,35.69830,254.96190,0.69422,12.92347,-21.55170,-120.41327,-15.01054,-22.08946,-17.80306,-9.73946,0.00000,0.23946,59.45646,-20.21599,0.01088,19.52109,-3.62891,27.77041
A.E.23.Q,E23Q,E23,mut,kcal/mol,ref2015_cart,-285.29014,-466.61599,35.48844,254.00272,0.69830,12.88810,-21.93469,-119.04388,-15.00714,-22.04422,-17.84796,-9.10442,0.00000,0.22551,59.43707,-20.18946,0.01088,19.95442,-3.67721,27.46905
A.E.23.Q,E23Q,E23,ddg,kcal/mol,ref2015_cart,0.44354,-0.05782,-0.20986,-0.95918,0.00408,-0.03537,-0.38299,1.36939,0.00340,0.04524,-0.04490,0.63503,0.00000,-0.01395,-0.01939,0.02653,0.00000,0.43333,-0.04830,-0.30136
A.V.29.I,V29I,V29,wt,kcal/mol,ref2015_cart,-285.76837,-466.69898,35.73537,255.03095,0.69320,12.91939,-21.51565,-120.45748,-14.99898,-22.08946,-17.79524,-9.74354,0.00000,0.24048,59.41939,-20.21259,0.01088,19.52109,-3.63197,27.80510
A.V.29.I,V29I,V29,mut,kcal/mol,ref2015_cart,-283.88367,-466.92245,36.64490,255.60408,0.72279,12.93571,-21.57789,-120.22143,-15.00918,-22.08946,-17.80204,-9.73503,0.00000,0.23776,59.07075,-20.07721,0.01088,19.40578,-3.61122,28.52925
A.V.29.I,V29I,V29,ddg,kcal/mol,ref2015_cart,1.88469,-0.22347,0.90952,0.57313,0.02959,0.01633,-0.06224,0.23605,-0.01020,0.00000,-0.00680,0.00850,0.00000,-0.00272,-0.34864,0.13537,0.00000,-0.11531,0.02075,0.72415
A.N.35.H,N35H,N35,wt,kcal/mol,ref2015_cart,-285.77517,-466.67551,35.75884,254.96531,0.69388,12.91565,-21.56293,-120.27585,-15.00408,-22.08946,-17.80850,-9.74626,0.00000,0.24660,59.26939,-20.22517,0.01020,19.52109,-3.63639,27.86735
A.N.35.H,N35H,N35,mut,kcal/mol,ref2015_cart,-283.38776,-468.91531,36.62891,255.47857,0.70680,13.02653,-21.45204,-119.34184,-14.99456,-22.08946,-17.06224,-9.68980,0.00000,0.27109,59.85918,-20.43095,0.00884,19.87483,-3.71667,28.45034
A.N.35.H,N35H,N35,ddg,kcal/mol,ref2015_cart,2.38741,-2.23980,0.87007,0.51327,0.01293,0.11088,0.11088,0.93401,0.00952,0.00000,0.74626,0.05646,0.00000,0.02449,0.58980,-0.20578,-0.00136,0.35374,-0.08027,0.58299
A.R.37.C,R37C,R37,wt,kcal/mol,ref2015_cart,-285.76599,-466.70136,35.77857,254.93776,0.69558,12.91633,-21.43367,-120.46769,-15.00578,-22.08707,-17.80272,-9.79422,0.00000,0.24490,59.43639,-20.22721,0.00986,19.52109,-3.62279,27.83605
A.R.37.C,R37C,R37,mut,kcal/mol,ref2015_cart,-282.41701,-464.64388,35.73503,250.97653,0.68776,12.54592,-22.05000,-117.39422,-15.00680,-22.08844,-17.80034,-7.29184,0.00000,0.24728,58.88810,-20.14626,0.00986,20.66054,-3.41429,27.66769
A.R.37.C,R37C,R37,ddg,kcal/mol,ref2015_cart,3.34898,2.05748,-0.04354,-3.96122,-0.00782,-0.37041,-0.61633,3.07347,-0.00102,-0.00136,0.00238,2.50238,0.00000,0.00238,-0.54830,0.08095,0.00000,1.13946,0.20850,-0.16837
A.G.47.R,G47R,G47,wt,kcal/mol,ref2015_cart,-285.63946,-466.84796,35.76088,254.98231,0.69354,12.90748,-21.52211,-120.40748,-15.01156,-22.08197,-17.80034,-9.76769,0.00000,0.32653,59.57075,-20.20680,0.01054,19.52109,-3.66293,27.89660
A.G.47.R,G47R,G47,mut,kcal/mol,ref2015_cart,-285.44422,-471.40374,36.22857,259.03401,0.69966,13.09422,-22.05102,-121.01531,-15.00918,-22.13367,-18.18571,-9.76429,0.00000,0.50374,60.54116,-19.69966,0.01088,19.21735,-3.75136,28.23980
A.G.47.R,G47R,G47,ddg,kcal/mol,ref2015_cart,0.19524,-4.55578,0.46769,4.05170,0.00612,0.18673,-0.52891,-0.60782,0.00238,-0.05170,-0.38537,0.00340,0.00000,0.17721,0.97041,0.50714,0.00034,-0.30374,-0.08844,0.34320
A.C.52.Y,C52Y,C52,wt,kcal/mol,ref2015_cart,-285.67959,-466.64014,35.70408,255.02585,0.69490,12.91293,-21.56463,-120.43231,-15.00952,-22.09218,-17.79966,-9.75850,0.00000,0.27823,59.53231,-20.21769,0.00952,19.52109,-3.63435,27.79082
A.C.52.Y,C52Y,C52,mut,kcal/mol,ref2015_cart,-285.63844,-467.13197,35.56769,254.45204,0.70238,12.95272,-21.92925,-118.97075,-14.98537,-22.11395,-17.44626,-9.75816,0.00000,0.28265,60.60136,-20.35476,0.01088,18.61224,-3.97007,27.83980
A.C.52.Y,C52Y,C52,ddg,kcal/mol,ref2015_cart,0.04116,-0.49184,-0.13639,-0.57381,0.00748,0.03980,-0.36463,1.46156,0.02415,-0.02177,0.35340,0.00034,0.00000,0.00442,1.06905,-0.13707,0.00136,-0.90884,-0.33571,0.04898
A.H.54.D,H54D,H54,wt,kcal/mol,ref2015_cart,-285.69762,-466.63401,35.69286,255.03776,0.69524,12.91565,-21.57925,-120.35782,-15.00884,-22.09082,-17.80748,-9.75510,0.00000,0.24932,59.47449,-20.22585,0.00986,19.52109,-3.62925,27.79456
A.H.54.D,H54D,H54,mut,kcal/mol,ref2015_cart,-284.26361,-463.47143,35.43469,254.45442,0.69286,12.96327,-21.22279,-121.78810,-14.98333,-21.99864,-17.51599,-10.44932,0.00000,0.21667,60.75986,-20.20408,0.00986,18.89354,-3.74116,27.68571
A.H.54.D,H54D,H54,ddg,kcal/mol,ref2015_cart,1.43401,3.16259,-0.25816,-0.58333,-0.00238,0.04762,0.35646,-1.43027,0.02551,0.09218,0.29150,-0.69422,0.00000,-0.03265,1.28537,0.02177,0.00000,-0.62755,-0.11190,-0.10884
A.R.55.K,R55K,R55,wt,kcal/mol,ref2015_cart,-285.73095,-466.61973,35.71156,254.94490,0.69354,12.91769,-21.50714,-120.39150,-15.00986,-22.09490,-17.78844,-9.75850,0.00000,0.24660,59.42755,-20.21973,0.00986,19.52109,-3.62959,27.81531
A.R.55.K,R55K,R55,mut,kcal/mol,ref2015_cart,-286.09592,-465.66122,35.39048,253.55816,0.69354,12.79762,-21.38571,-119.87313,-15.00544,-22.07279,-17.53810,-9.79592,0.00000,0.24116,59.35340,-20.10272,0.00952,19.31020,-3.62415,27.60986
A.R.55.K,R55K,R55,ddg,kcal/mol,ref2015_cart,-0.36497,0.95850,-0.32109,-1.38673,0.00000,-0.12007,0.12143,0.51837,0.00442,0.02211,0.25034,-0.03741,0.00000,-0.00544,-0.07415,0.11701,-0.00034,-0.21088,0.00544,-0.20544
A.P.58.L,P58L,P58,wt,kcal/mol,ref2015_cart,-285.98197,-466.64660,35.76565,255.07313,0.69422,12.89728,-21.59116,-120.30102,-15.01156,-22.08946,-17.79320,-9.75510,0.00000,0.21973,59.27109,-20.28844,0.01088,19.52109,-3.68810,27.72959
A.P.58.L,P58L,P58,mut,kcal/mol,ref2015_cart,-285.59490,-467.03810,35.50068,254.87245,0.70238,12.90136,-21.65850,-120.17143,-15.03265,-22.08946,-17.72381,-9.73333,0.00000,0.27755,59.60884,-20.10068,0.01088,20.64524,-3.80068,27.23401
A.P.58.L,P58L,P58,ddg,kcal/mol,ref2015_cart,0.38707,-0.39150,-0.26497,-0.20068,0.00816,0.00408,-0.06735,0.12959,-0.02109,0.00000,0.06939,0.02177,0.00000,0.05782,0.33776,0.18776,0.00000,1.12415,-0.11259,-0.49558
A.G.59.E,G59E,G59,wt,kcal/mol,ref2015_cart,-285.97619,-466.68980,35.87687,255.05000,0.69422,12.89830,-21.57823,-120.34286,-15.00340,-22.08265,-17.79626,-9.75748,0.00000,0.23878,59.25578,-20.28061,0.01088,19.52109,-3.68401,27.69354
A.G.59.E,G59E,G59,mut,kcal/mol,ref2015_cart,-284.76463,-467.63095,36.03571,255.86088,0.69626,13.16463,-21.67313,-120.42313,-15.00272,-22.09286,-17.68231,-9.74966,0.00000,0.27075,60.05646,-19.62075,0.01088,18.32279,-3.16293,27.85476
A.G.59.E,G59E,G59,ddg,kcal/mol,ref2015_cart,1.21156,-0.94116,0.15884,0.81088,0.00204,0.26633,-0.09490,-0.08027,0.00068,-0.01020,0.11395,0.00782,0.00000,0.03197,0.80068,0.65986,0.00000,-1.19830,0.52109,0.16122
A.M.61.I,M61I,M61,wt,kcal/mol,ref2015_cart,-285.75748,-466.64388,35.76429,255.00646,0.69728,12.92619,-21.50068,-120.43707,-15.00646,-22.08639,-17.79694,-9.75816,0.00000,0.24830,59.40170,-20.21701,0.01088,19.52109,-3.63401,27.74694
A.M.61.I,M61I,M61,mut,kcal/mol,ref2015_cart,-285.48061,-466.40476,35.84422,254.39354,0.70714,12.94082,-21.55408,-120.21259,-14.99422,-22.03878,-17.79082,-9.76905,0.00000,0.32347,59.05850,-20.16020,0.01088,19.74116,-3.55102,27.97585
A.M.61.I,M61I,M61,ddg,kcal/mol,ref2015_cart,0.27687,0.23912,0.07993,-0.61293,0.00986,0.01463,-0.05340,0.22449,0.01224,0.04762,0.00612,-0.01088,0.00000,0.07517,-0.34320,0.05680,0.00000,0.22007,0.08299,0.22891
A.F.67.S,F67S,F67,wt,kcal/mol,ref2015_cart,-285.70068,-466.59966,35.70714,254.92279,0.69252,12.91259,-21.57993,-120.21701,-14.95340,-22.08946,-17.79864,-9.75476,0.00000,0.30442,59.28333,-20.22789,0.01020,19.52109,-3.63401,27.80000
A.F.67.S,F67S,F67,mut,kcal/mol,ref2015_cart,-282.92857,-461.56701,35.24184,255.55884,0.68401,12.76497,-21.75986,-121.00204,-15.02449,-22.08946,-18.03741,-9.75136,0.00000,0.37075,58.39320,-20.19048,0.00952,19.00816,-3.46327,27.92517
A.F.67.S,F67S,F67,ddg,kcal/mol,ref2015_cart,2.77211,5.03265,-0.46531,0.63605,-0.00850,-0.14762,-0.17993,-0.78503,-0.07109,0.00000,-0.23878,0.00340,0.00000,0.06633,-0.89014,0.03741,-0.00068,-0.51293,0.17075,0.12517
A.R.69.G,R69G,R69,wt,kcal/mol,ref2015_cart,-285.76088,-466.41293,35.68061,254.78401,0.69422,12.90408,-21.62313,-120.19694,-15.00782,-22.08946,-17.80850,-9.75918,0.00000,0.24694,59.25952,-20.22721,0.00952,19.52109,-3.64286,27.90714
A.R.69.G,R69G,R69,mut,kcal/mol,ref2015_cart,-284.12959,-463.94864,35.60646,252.52279,0.69082,12.77517,-21.61769,-119.59320,-15.01224,-22.08946,-17.84762,-9.15272,0.00000,0.28095,58.58503,-19.81837,0.00986,19.82483,-3.05884,27.71361
A.R.69.G,R69G,R69,ddg,kcal/mol,ref2015_cart,1.63129,2.46429,-0.07415,-2.26122,-0.00340,-0.12891,0.00544,0.60374,-0.00442,0.00000,-0.03912,0.60646,0.00000,0.03401,-0.67449,0.40884,0.00034,0.30374,0.58401,-0.19354
A.R.69.H,R69H,R69,wt,kcal/mol,ref2015_cart,-285.76088,-466.41293,35.68061,254.78401,0.69422,12.90408,-21.62313,-120.19694,-15.00782,-22.08946,-17.80850,-9.75918,0.00000,0.24694,59.25952,-20.22721,0.00952,19.52109,-3.64286,27.90714
A.R.69.H,R69H,R69,mut,kcal/mol,ref2015_cart,-285.89864,-465.88061,35.57347,254.35340,0.69116,12.94830,-21.69898,-120.45952,-15.00442,-22.08946,-17.81463,-9.63639,0.00000,0.26020,59.37585,-20.28163,0.00952,19.45102,-3.52687,27.83061
A.R.69.H,R69H,R69,ddg,kcal/mol,ref2015_cart,-0.13776,0.53231,-0.10714,-0.43061,-0.00306,0.04422,-0.07585,-0.26259,0.00340,0.00000,-0.00612,0.12279,0.00000,0.01327,0.11633,-0.05442,0.00000,-0.07007,0.11599,-0.07653
A.G.75.V,G75V,G75,wt,kcal/mol,ref2015_cart,-285.79082,-466.57925,35.76633,254.85816,0.69388,12.91054,-21.59728,-120.28163,-15.00952,-22.08946,-17.81429,-9.75714,0.00000,0.24524,59.30544,-20.22041,0.00986,19.52109,-3.62789,27.87483
A.G.75.V,G75V,G75,mut,kcal/mol,ref2015_cart,-275.81701,-469.65748,38.97109,254.42823,0.73129,12.94490,-21.46327,-119.95102,-15.00952,-22.08946,-18.02075,-9.75544,0.00000,1.04660,60.23095,-18.72551,0.01122,20.14864,-0.05544,30.39830
A.G.75.V,G75V,G75,ddg,kcal/mol,ref2015_cart,9.97381,-3.07823,3.20476,-0.42993,0.03741,0.03435,0.13401,0.33061,0.00000,0.00000,-0.20646,0.00170,0.00000,0.80136,0.92551,1.49490,0.00136,0.62755,3.57245,2.52347
A.S.77.F,S77F,S77,wt,kcal/mol,ref2015_cart,-285.69864,-466.84592,35.81633,255.07857,0.69286,12.90782,-21.56156,-120.28810,-15.00782,-22.08946,-17.79592,-9.76293,0.00000,0.26871,59.34966,-20.23129,0.01088,19.52109,-3.63333,27.87245
A.S.77.F,S77F,S77,mut,kcal/mol,ref2015_cart,-278.82925,-471.05238,39.56020,252.72993,0.73878,13.09116,-21.55884,-118.45476,-15.17619,-22.08946,-16.70510,-9.75680,0.00000,0.77483,61.01190,-20.23367,0.00748,20.03401,-3.42381,31.67347
A.S.77.F,S77F,S77,ddg,kcal/mol,ref2015_cart,6.86939,-4.20646,3.74388,-2.34864,0.04592,0.18333,0.00272,1.83333,-0.16837,0.00000,1.09082,0.00612,0.00000,0.50612,1.66224,-0.00238,-0.00340,0.51293,0.20952,3.80102
A.I.78.M,I78M,I78,wt,kcal/mol,ref2015_cart,-285.74456,-466.75034,35.77687,254.99286,0.69184,12.90850,-21.55986,-120.27211,-15.00476,-22.08946,-17.80816,-9.76088,0.00000,0.24898,59.29422,-20.22789,0.01122,19.52109,-3.60748,27.89150
A.I.78.M,I78M,I78,mut,kcal/mol,ref2015_cart,-284.36156,-468.02109,36.56939,255.66837,0.69320,12.92585,-21.70442,-120.41667,-15.01973,-22.08946,-17.81565,-9.75068,0.00000,0.25510,60.68367,-20.46905,0.01327,19.30136,-3.75952,28.57483
A.I.78.M,I78M,I78,ddg,kcal/mol,ref2015_cart,1.38299,-1.27075,0.79252,0.67551,0.00136,0.01735,-0.14456,-0.14456,-0.01497,0.00000,-0.00748,0.01020,0.00000,0.00612,1.38946,-0.24116,0.00204,-0.21973,-0.15204,0.68333
A.E.84.K,E84K,E84,wt,kcal/mol,ref2015_cart,-285.78980,-466.54694,35.68435,254.97721,0.69218,12.90578,-21.63605,-120.27619,-15.00952,-22.08197,-17.79796,-9.75884,0.00000,0.24320,59.29286,-20.22109,0.01156,19.52109,-3.63435,27.84524
A.E.84.K,E84K,E84,mut,kcal/mol,ref2015_cart,-285.17993,-466.04864,35.61259,253.57109,0.68878,12.43571,-21.71599,-118.06497,-15.00952,-22.08095,-17.76599,-9.75918,0.00000,0.26531,58.51905,-20.23061,0.01156,20.20476,-3.63844,27.82585
A.E.84.K,E84K,E84,ddg,kcal/mol,ref2015_cart,0.60986,0.49830,-0.07177,-1.40612,-0.00340,-0.47007,-0.07993,2.21122,0.00000,0.00102,0.03197,-0.00034,0.00000,0.02211,-0.77381,-0.00952,0.00000,0.68367,-0.00408,-0.01939
A.D.85.N,D85N,D85,wt,kcal/mol,ref2015_cart,-285.71871,-466.69388,35.77993,255.01633,0.69184,12.90884,-21.52041,-120.33605,-15.00952,-22.08946,-17.79218,-9.75748,0.00000,0.24864,59.39966,-20.22245,0.01122,19.52109,-3.63333,27.75816
A.D.85.N,D85N,D85,mut,kcal/mol,ref2015_cart,-284.63707,-467.17109,36.04456,253.74320,0.69354,12.91088,-21.66122,-118.18673,-15.00952,-22.08946,-17.32857,-9.89252,0.00000,0.21565,59.09660,-20.15442,0.01122,19.79524,-3.55476,27.90034
A.D.85.N,D85N,D85,ddg,kcal/mol,ref2015_cart,1.08163,-0.47721,0.26463,-1.27313,0.00170,0.00204,-0.14082,2.14932,0.00000,0.00000,0.46361,-0.13503,0.00000,-0.03299,-0.30306,0.06803,0.00000,0.27415,0.07857,0.14218
A.E.86.D,E86D,E86,wt,kcal/mol,ref2015_cart,-285.76293,-466.76259,35.76361,255.01667,0.69354,12.91497,-21.52211,-120.35544,-15.00952,-22.08946,-17.78776,-9.75612,0.00000,0.24252,59.41122,-20.22109,0.01156,19.52109,-3.64014,27.80544
A.E.86.D,E86D,E86,mut,kcal/mol,ref2015_cart,-283.68163,-465.49932,35.72721,253.93878,0.69286,12.86020,-21.49048,-119.78571,-15.00952,-22.08946,-16.92551,-9.55714,0.00000,0.12449,58.92007,-20.11531,0.01190,19.71803,-3.34796,28.14558
A.E.86.D,E86D,E86,ddg,kcal/mol,ref2015_cart,2.08129,1.26327,-0.03639,-1.07789,-0.00068,-0.05476,0.03163,0.56973,0.00000,0.00000,0.86224,0.19898,0.00000,-0.11803,-0.49116,0.10578,0.00034,0.19694,0.29218,0.34014
A.F.88.I,F88I,F88,wt,kcal/mol,ref2015_cart,-285.73265,-466.67143,35.78980,254.96327,0.69218,12.91633,-21.49320,-120.44524,-15.00952,-22.08946,-17.78707,-9.74694,0.00000,0.23946,59.39320,-20.21837,0.01088,19.52109,-3.61633,27.81871
A.F.88.I,F88I,F88,mut,kcal/mol,ref2015_cart,-283.14558,-464.48912,35.72993,254.49082,0.69286,12.89252,-21.25782,-120.01156,-15.00952,-22.08946,-17.73912,-9.75340,0.00000,0.22245,58.83333,-20.01361,0.01088,19.89048,-3.41327,27.86837
A.F.88.I,F88I,F88,ddg,kcal/mol,ref2015_cart,2.58707,2.18231,-0.05986,-0.47245,0.00068,-0.02381,0.23537,0.43367,0.00000,0.00000,0.04796,-0.00646,0.00000,-0.01701,-0.55986,0.20476,0.00000,0.36939,0.20306,0.04966
A.H.92.Y,H92Y,H92,wt,kcal/mol,ref2015_cart,-285.73673,-466.56088,35.76803,254.90782,0.69558,12.92075,-21.48469,-120.44354,-15.00850,-22.08980,-17.79184,-9.74524,0.00000,0.24354,59.39320,-20.22347,0.01088,19.52109,-3.63810,27.78844
A.H.92.Y,H92Y,H92,mut,kcal/mol,ref2015_cart,-284.29150,-467.78776,36.98333,253.00680,0.71190,12.86735,-21.40340,-119.25952,-15.00918,-21.97007,-17.76837,-9.27075,0.00000,0.23163,59.42823,-20.12143,0.01122,19.82143,-3.61224,28.84932
A.H.92.Y,H92Y,H92,ddg,kcal/mol,ref2015_cart,1.44524,-1.22687,1.21531,-1.90102,0.01633,-0.05340,0.08129,1.18401,-0.00068,0.11973,0.02347,0.47449,0.00000,-0.01190,0.03503,0.10204,0.00034,0.30034,0.02585,1.06088
A.G.96.C,G96C,G96,wt,kcal/mol,ref2015_cart,-285.72347,-466.50306,35.64014,254.97415,0.69524,12.92415,-21.55442,-120.40578,-15.00408,-22.07143,-17.79932,-9.75136,0.00000,0.26599,59.43367,-20.22245,0.01088,19.52109,-3.64048,27.76361
A.G.96.C,G96C,G96,mut,kcal/mol,ref2015_cart,-283.17483,-468.48776,36.72721,255.02381,0.70272,12.92177,-21.46973,-120.25850,-14.96803,-22.09456,-17.79830,-9.76293,0.00000,0.31259,58.63844,-19.54048,0.01088,20.35680,-2.60034,29.11122
A.G.96.C,G96C,G96,ddg,kcal/mol,ref2015_cart,2.54864,-1.98469,1.08707,0.04966,0.00748,-0.00238,0.08469,0.14728,0.03605,-0.02313,0.00102,-0.01156,0.00000,0.04660,-0.79524,0.68197,0.00000,0.83571,1.04014,1.34762
A.S.99.C,S99C,S99,wt,kcal/mol,ref2015_cart,-285.75680,-466.57857,35.73980,254.93946,0.69558,12.92857,-21.48639,-120.42789,-15.00952,-22.10068,-17.78673,-9.75510,0.00000,0.24150,59.41224,-20.22891,0.00986,19.52109,-3.63537,27.76497
A.S.99.C,S99C,S99,mut,kcal/mol,ref2015_cart,-286.33061,-468.35272,36.29558,252.97891,0.70034,12.92211,-21.47041,-120.12619,-15.00952,-22.10170,-17.78776,-9.32959,0.00000,0.28299,59.44422,-20.10476,0.00952,20.72687,-3.52959,28.12143
A.S.99.C,S99C,S99,ddg,kcal/mol,ref2015_cart,-0.57381,-1.77415,0.55578,-1.96054,0.00476,-0.00646,0.01599,0.30170,0.00000,-0.00102,-0.00102,0.42551,0.00000,0.04150,0.03197,0.12415,-0.00034,1.20578,0.10578,0.35646
A.S.99.F,S99F,S99,wt,kcal/mol,ref2015_cart,-285.31395,-465.84456,35.78129,254.87143,0.69116,12.98810,-21.43571,-120.89592,-15.00952,-22.10612,-17.78639,-9.29966,0.00000,0.24456,59.11905,-20.22891,0.00918,19.52109,-3.63571,27.70272
A.S.99.F,S99F,S99,mut,kcal/mol,ref2015_cart,-282.50068,-473.07041,39.92449,253.16599,0.74694,13.08027,-21.84932,-119.66395,-15.00952,-22.16259,-17.77823,-9.28401,0.00000,0.42585,60.89320,-20.24490,0.00986,20.03401,-3.69252,31.97449
A.S.99.F,S99F,S99,ddg,kcal/mol,ref2015_cart,2.81327,-7.22585,4.14320,-1.70544,0.05578,0.09218,-0.41361,1.23197,0.00000,-0.05646,0.00816,0.01565,0.00000,0.18129,1.77415,-0.01599,0.00068,0.51293,-0.05680,4.27177
A.M.100.I,M100I,M100,wt,kcal/mol,ref2015_cart,-285.82687,-466.68333,35.77891,254.99524,0.69558,12.93163,-21.53061,-120.31395,-15.00952,-22.10204,-17.79422,-9.75000,0.00000,0.24184,59.25000,-20.22789,0.00986,19.52109,-3.63707,27.79728
A.M.100.I,M100I,M100,mut,kcal/mol,ref2015_cart,-285.35408,-465.79932,36.24388,253.79592,0.71293,12.96973,-21.39626,-120.24014,-15.00952,-22.19626,-17.80442,-9.75918,0.00000,0.22041,59.19932,-20.46361,0.00952,19.74116,-3.77551,28.19762
A.M.100.I,M100I,M100,ddg,kcal/mol,ref2015_cart,0.47279,0.88401,0.46497,-1.19932,0.01735,0.03810,0.13435,0.07381,0.00000,-0.09422,-0.01020,-0.00918,0.00000,-0.02143,-0.05068,-0.23571,-0.00034,0.22007,-0.13844,0.40034
A.M.100.K,M100K,M100,wt,kcal/mol,ref2015_cart,-285.82993,-466.67415,35.76735,254.99388,0.69626,12.93367,-21.53129,-120.32245,-15.00952,-22.10782,-17.78946,-9.75170,0.00000,0.24286,59.24286,-20.22687,0.00986,19.52109,-3.63639,27.81156
A.M.100.K,M100K,M100,mut,kcal/mol,ref2015_cart,-282.06939,-466.70102,35.64422,259.96667,0.72177,13.19660,-21.84456,-121.20612,-15.00952,-22.08367,-18.09116,-9.73673,0.00000,0.24150,59.94184,-20.24490,0.00816,18.71429,-3.58299,27.99592
A.M.100.K,M100K,M100,ddg,kcal/mol,ref2015_cart,3.76054,-0.02687,-0.12313,4.97279,0.02551,0.26293,-0.31327,-0.88367,0.00000,0.02415,-0.30170,0.01497,0.00000,-0.00136,0.69898,-0.01803,-0.00170,-0.80680,0.05340,0.18435
A.A.101.V,A101V,A101,wt,kcal/mol,ref2015_cart,-285.72823,-466.62041,35.77483,254.92789,0.69524,12.91327,-21.43673,-120.40782,-15.00952,-22.09558,-17.80204,-9.76020,0.00000,0.23810,59.38571,-20.22381,0.01020,19.52109,-3.63571,27.79762
A.A.101.V,A101V,A101,mut,kcal/mol,ref2015_cart,-285.90136,-469.27041,36.87925,255.23163,0.70918,12.94184,-21.54354,-120.60918,-15.00952,-22.21599,-17.79660,-9.77483,0.00000,0.16837,59.62449,-20.38537,0.00952,19.96939,-3.69014,28.86122
A.A.101.V,A101V,A101,ddg,kcal/mol,ref2015_cart,-0.17313,-2.65000,1.10442,0.30374,0.01395,0.02857,-0.10680,-0.20136,0.00000,-0.12041,0.00544,-0.01463,0.00000,-0.06973,0.23878,-0.16156,-0.00068,0.44830,-0.05442,1.06361
A.A.103.T,A103T,A103,wt,kcal/mol,ref2015_cart,-285.73912,-466.31122,35.63844,254.86054,0.69116,12.91054,-21.60544,-120.17245,-15.01054,-22.08946,-17.79932,-9.75986,0.00000,0.24592,59.27143,-20.22245,0.01088,19.52109,-3.63367,27.71497
A.A.103.T,A103T,A103,mut,kcal/mol,ref2015_cart,-286.74456,-467.01565,35.63129,255.76020,0.69320,12.93912,-21.71633,-120.56803,-15.01599,-22.08946,-17.74082,-10.25068,0.00000,0.25850,59.31190,-20.50408,0.01088,19.46224,-3.87313,27.96259
A.A.103.T,A103T,A103,ddg,kcal/mol,ref2015_cart,-1.00544,-0.70442,-0.00714,0.89966,0.00204,0.02857,-0.11088,-0.39558,-0.00544,0.00000,0.05850,-0.49082,0.00000,0.01259,0.04048,-0.28163,0.00000,-0.05884,-0.23946,0.24762
A.Q.111.H,Q111H,Q111,wt,kcal/mol,ref2015_cart,-285.65000,-466.60544,35.68163,254.94490,0.69252,12.91769,-21.60204,-120.30442,-15.00952,-22.08163,-17.81122,-9.75578,0.00000,0.47279,59.29422,-20.24014,0.00884,19.52109,-3.69490,27.92143
A.Q.111.H,Q111H,Q111,mut,kcal/mol,ref2015_cart,-283.06122,-467.43129,36.44796,254.96156,0.70408,13.00374,-21.72211,-119.51361,-15.00952,-22.09116,-17.14456,-9.76701,0.00000,0.40612,59.35918,-20.30782,0.00782,19.91224,-3.72347,28.84592
A.Q.111.H,Q111H,Q111,ddg,kcal/mol,ref2015_cart,2.58878,-0.82585,0.76633,0.01667,0.01156,0.08605,-0.12007,0.79082,0.00000,-0.00952,0.66667,-0.01122,0.00000,-0.06667,0.06497,-0.06769,-0.00102,0.39116,-0.02857,0.92449
A.Q.111.L,Q111L,Q111,wt,kcal/mol,ref2015_cart,-285.68537,-466.51531,35.66020,254.89218,0.69422,12.92109,-21.61939,-120.29388,-15.00952,-22.07653,-17.80850,-9.75544,0.00000,0.46190,59.28980,-20.23844,0.00884,19.52109,-3.69048,27.87347
A.Q.111.L,Q111L,Q111,mut,kcal/mol,ref2015_cart,-285.98946,-466.33163,35.87891,252.00952,0.70068,12.82789,-21.64728,-119.19966,-15.00952,-22.05238,-17.13197,-9.76667,0.00000,0.43163,58.52143,-20.31735,0.00918,20.57993,-3.77585,28.28401
A.Q.111.L,Q111L,Q111,ddg,kcal/mol,ref2015_cart,-0.30408,0.18367,0.21871,-2.88265,0.00646,-0.09320,-0.02789,1.09422,0.00000,0.02415,0.67653,-0.01122,0.00000,-0.03027,-0.76837,-0.07891,0.00034,1.05884,-0.08537,0.41054
A.T.116.A,T116A,T116,wt,kcal/mol,ref2015_cart,-285.74218,-466.61122,35.79830,254.96939,0.69558,12.91735,-21.51735,-120.43231,-15.00952,-22.08503,-17.80102,-9.75884,0.00000,0.23776,59.40408,-20.22075,0.01088,19.52109,-3.63333,27.77245
A.T.116.A,T116A,T116,mut,kcal/mol,ref2015_cart,-284.64218,-464.69796,35.65544,253.09932,0.69252,12.89456,-21.28912,-120.02075,-15.00952,-22.17789,-17.81259,-9.52347,0.00000,0.23197,59.45408,-19.89694,0.01088,19.57993,-3.39320,27.55986
A.T.116.A,T116A,T116,ddg,kcal/mol,ref2015_cart,1.10000,1.91327,-0.14286,-1.87007,-0.00306,-0.02279,0.22823,0.41156,0.00000,-0.09286,-0.01156,0.23537,0.00000,-0.00578,0.05000,0.32381,0.00000,0.05884,0.24014,-0.21259
A.L.122.F,L122F,L122,wt,kcal/mol,ref2015_cart,-285.73741,-466.51020,35.75850,254.92041,0.69490,12.91939,-21.48061,-120.43299,-15.00510,-22.08946,-17.79728,-9.75850,0.00000,0.24354,59.36837,-20.22143,0.01088,19.52109,-3.62483,27.74558
A.L.122.F,L122F,L122,mut,kcal/mol,ref2015_cart,-285.45374,-467.54796,35.81973,255.16701,0.70238,12.96395,-21.57517,-120.48333,-15.06327,-22.08946,-17.80510,-9.75340,0.00000,0.30816,60.38265,-20.20918,0.01088,19.37041,-3.60646,27.95408
A.L.122.F,L122F,L122,ddg,kcal/mol,ref2015_cart,0.28367,-1.03776,0.06122,0.24660,0.00748,0.04456,-0.09456,-0.05034,-0.05816,0.00000,-0.00782,0.00510,0.00000,0.06463,1.01429,0.01224,0.00000,-0.15068,0.01837,0.20850
A.E.134.G,E134G,E134,wt,kcal/mol,ref2015_cart,-285.70238,-466.46565,35.67517,254.96973,0.69524,12.91701,-21.56020,-120.39320,-15.00986,-22.09048,-17.80340,-9.74660,0.00000,0.24354,59.43367,-20.22313,0.01088,19.52109,-3.63469,27.75816
A.E.134.G,E134G,E134,mut,kcal/mol,ref2015_cart,-284.24150,-464.83912,35.51361,253.33265,0.69490,12.78741,-21.44558,-119.62483,-15.01156,-21.89796,-17.80340,-9.45884,0.00000,0.20986,58.46531,-20.11905,0.01088,20.71939,-3.32551,27.55102
A.E.134.G,E134G,E134,ddg,kcal/mol,ref2015_cart,1.46088,1.62653,-0.16156,-1.63707,-0.00034,-0.12959,0.11463,0.76837,-0.00170,0.19252,0.00000,0.28776,0.00000,-0.03367,-0.96837,0.10408,0.00000,1.19830,0.30918,-0.20714
A.E.134.K,E134K,E134,wt,kcal/mol,ref2015_cart,-285.70238,-466.46565,35.67517,254.96973,0.69524,12.91701,-21.56020,-120.39320,-15.00986,-22.09048,-17.80340,-9.74660,0.00000,0.24354,59.43367,-20.22313,0.01088,19.52109,-3.63469,27.75816
A.E.134.K,E134K,E134,mut,kcal/mol,ref2015_cart,-285.35782,-466.29150,35.62347,254.32075,0.69660,12.87041,-21.59490,-119.68980,-15.00986,-22.08095,-17.80340,-9.46769,0.00000,0.24354,58.84048,-20.20306,0.01088,20.20476,-3.65816,27.63061
A.E.134.K,E134K,E134,ddg,kcal/mol,ref2015_cart,0.34456,0.17415,-0.05170,-0.64898,0.00136,-0.04660,-0.03469,0.70340,0.00000,0.00952,0.00000,0.27891,0.00000,0.00000,-0.59320,0.02007,0.00000,0.68367,-0.02347,-0.12755
A.E.134.Q,E134Q,E134,wt,kcal/mol,ref2015_cart,-285.70238,-466.46565,35.67517,254.96973,0.69524,12.91701,-21.56020,-120.39320,-15.00986,-22.09048,-17.80340,-9.74660,0.00000,0.24354,59.43367,-20.22313,0.01088,19.52109,-3.63469,27.75816
A.E.134.Q,E134Q,E134,mut,kcal/mol,ref2015_cart,-285.92415,-466.60680,35.66701,254.59830,0.69558,12.87823,-21.49286,-120.18741,-15.00646,-22.10850,-17.80340,-10.00374,0.00000,0.25748,59.36361,-20.23367,0.01088,19.95442,-3.68333,27.77687
A.E.134.Q,E134Q,E134,ddg,kcal/mol,ref2015_cart,-0.22177,-0.14116,-0.00816,-0.37143,0.00034,-0.03878,0.06735,0.20578,0.00340,-0.01803,0.00000,-0.25714,0.00000,0.01395,-0.07007,-0.01054,0.00000,0.43333,-0.04864,0.01871
A.M.136.V,M136V,M136,wt,kcal/mol,ref2015_cart,-285.71837,-466.60544,35.69694,255.08707,0.69558,12.91939,-21.59184,-120.43980,-15.01020,-22.08946,-17.80238,-9.74558,0.00000,0.24966,59.48401,-20.22143,0.01088,19.52109,-3.63673,27.76020
A.M.136.V,M136V,M136,mut,kcal/mol,ref2015_cart,-283.93503,-463.73844,35.43129,254.90578,0.69660,12.82891,-21.58571,-120.52041,-15.02993,-22.08946,-17.80102,-9.75306,0.00000,0.19320,58.63299,-20.17109,0.01088,19.85646,-3.52075,27.71939
A.M.136.V,M136V,M136,ddg,kcal/mol,ref2015_cart,1.78333,2.86701,-0.26565,-0.18129,0.00102,-0.09048,0.00612,-0.08061,-0.01973,0.00000,0.00136,-0.00748,0.00000,-0.05646,-0.85102,0.05034,0.00000,0.33537,0.11599,-0.04082
A.M.142.R,M142R,M142,wt,kcal/mol,ref2015_cart,-285.55340,-466.35340,35.64898,254.31769,0.70170,12.87857,-21.58878,-119.13741,-15.00952,-22.08946,-17.84354,-9.75442,0.00000,0.25204,58.53605,-20.22347,0.00952,19.52109,-3.63810,28.21905
A.M.142.R,M142R,M142,mut,kcal/mol,ref2015_cart,-282.87109,-468.60884,36.44048,259.17585,0.71497,13.16327,-22.17891,-120.00374,-15.02075,-22.08946,-17.80102,-9.75578,0.00000,0.24762,59.48707,-20.23878,0.01054,18.92517,-3.69728,28.35884
A.M.142.R,M142R,M142,ddg,kcal/mol,ref2015_cart,2.68231,-2.25544,0.79150,4.85816,0.01327,0.28469,-0.59014,-0.86633,-0.01122,0.00000,0.04252,-0.00136,0.00000,-0.00442,0.95102,-0.01531,0.00102,-0.59592,-0.05918,0.13980
A.E.143.D,E143D,E143,wt,kcal/mol,ref2015_cart,-285.75476,-466.53912,35.69524,254.92109,0.69728,12.91429,-21.56905,-120.35102,-15.00748,-22.08946,-17.80034,-9.75918,0.00000,0.23810,59.44422,-20.21667,0.01088,19.52109,-3.62653,27.76224
A.E.143.D,E143D,E143,mut,kcal/mol,ref2015_cart,-285.17007,-465.84354,35.54762,254.77449,0.69388,12.89966,-21.58878,-120.85714,-14.96190,-22.08946,-17.93367,-9.82517,0.00000,0.27789,59.55238,-20.13980,0.01088,19.71803,-3.63265,28.22721
A.E.143.D,E143D,E143,ddg,kcal/mol,ref2015_cart,0.58469,0.69558,-0.14762,-0.14660,-0.00340,-0.01463,-0.01973,-0.50612,0.04558,0.00000,-0.13333,-0.06599,0.00000,0.03980,0.10816,0.07687,0.00000,0.19694,-0.00612,0.46497
A.E.143.Q,E143Q,E143,wt,kcal/mol,ref2015_cart,-285.74082,-466.69524,35.71224,255.02585,0.69660,12.91531,-21.60680,-120.33639,-15.00680,-22.08946,-17.79966,-9.76020,0.00000,0.24116,59.50918,-20.22007,0.01088,19.52109,-3.63027,27.77211
A.E.143.Q,E143Q,E143,mut,kcal/mol,ref2015_cart,-285.39558,-466.95102,35.70680,253.96871,0.70374,12.89422,-21.59592,-119.83776,-14.99354,-22.08946,-17.80204,-9.81054,0.00000,0.22959,60.17109,-20.18231,0.01088,19.95442,-3.52449,27.75170
A.E.143.Q,E143Q,E143,ddg,kcal/mol,ref2015_cart,0.34524,-0.25578,-0.00544,-1.05714,0.00714,-0.02109,0.01088,0.49864,0.01327,0.00000,-0.00238,-0.05034,0.00000,-0.01156,0.66190,0.03776,0.00000,0.43333,0.10578,-0.02041
A.R.144.C,R144C,R144,wt,kcal/mol,ref2015_cart,-285.89422,-466.38333,35.47449,254.30918,0.69422,12.87449,-21.57109,-119.18537,-15.01020,-22.08878,-17.84762,-9.75340,0.00000,0.24456,58.95408,-20.21939,0.01088,19.52109,-3.62619,27.70816
A.R.144.C,R144C,R144,mut,kcal/mol,ref2015_cart,-285.61905,-465.75544,35.44762,253.31327,0.69218,12.74354,-21.34150,-119.47177,-15.04354,-22.07993,-17.85034,-9.75000,0.00000,0.23776,58.45340,-20.07313,0.01088,20.66054,-3.52449,27.71224
A.R.144.C,R144C,R144,ddg,kcal/mol,ref2015_cart,0.27517,0.62789,-0.02687,-0.99592,-0.00204,-0.13095,0.22959,-0.28639,-0.03333,0.00884,-0.00272,0.00340,0.00000,-0.00680,-0.50068,0.14626,0.00000,1.13946,0.10170,0.00408
A.R.144.H,R144H,R144,wt,kcal/mol,ref2015_cart,-285.79388,-466.61735,35.69796,254.94864,0.69762,12.91905,-21.56973,-120.33265,-15.00952,-22.08912,-17.80068,-9.75340,0.00000,0.24558,59.40680,-20.21905,0.01088,19.52109,-3.62687,27.77721
A.R.144.H,R144H,R144,mut,kcal/mol,ref2015_cart,-285.64864,-466.45136,35.39354,254.31531,0.69218,12.89388,-21.65136,-119.07143,-15.03129,-22.08129,-17.84898,-9.74932,0.00000,0.23946,59.22449,-20.16463,0.01088,19.45102,-3.52279,27.70272
A.R.144.H,R144H,R144,ddg,kcal/mol,ref2015_cart,0.14524,0.16599,-0.30442,-0.63333,-0.00544,-0.02517,-0.08163,1.26122,-0.02177,0.00782,-0.04830,0.00408,0.00000,-0.00612,-0.18231,0.05442,0.00000,-0.07007,0.10408,-0.07449
A.F.145.Y,F145Y,F145,wt,kcal/mol,ref2015_cart,-285.73435,-466.61088,35.68503,254.92891,0.69660,12.91361,-21.57381,-120.28673,-15.00952,-22.09116,-17.80170,-9.75782,0.00000,0.25136,59.46769,-20.22075,0.01088,19.52109,-3.63537,27.77823
A.F.145.Y,F145Y,F145,mut,kcal/mol,ref2015_cart,-285.95510,-466.48605,35.43095,254.68265,0.69184,12.88605,-21.68537,-119.16599,-15.00884,-22.09252,-17.84830,-9.75816,0.00000,0.24660,59.00136,-20.24626,0.01122,19.30476,-3.63401,27.71463
A.F.145.Y,F145Y,F145,ddg,kcal/mol,ref2015_cart,-0.22075,0.12483,-0.25408,-0.24626,-0.00476,-0.02755,-0.11156,1.12075,0.00068,-0.00136,-0.04660,-0.00034,0.00000,-0.00476,-0.46633,-0.02551,0.00034,-0.21633,0.00136,-0.06361
A.S.147.F,S147F,S147,wt,kcal/mol,ref2015_cart,-285.71463,-466.52245,35.67449,254.92483,0.69388,12.90884,-21.56837,-120.29558,-15.00918,-22.08776,-17.80272,-9.75782,0.00000,0.24660,59.45204,-20.22143,0.01088,19.52109,-3.63435,27.75238
A.S.147.F,S147F,S147,mut,kcal/mol,ref2015_cart,-281.76871,-469.44116,36.45748,254.69932,0.70986,13.11905,-21.81361,-118.95816,-15.04864,-21.76667,-16.90442,-9.75782,0.00000,0.32075,61.20204,-19.89184,0.01088,20.03401,-3.11769,28.37789
A.S.147.F,S147F,S147,ddg,kcal/mol,ref2015_cart,3.94592,-2.91871,0.78299,-0.22551,0.01599,0.21020,-0.24524,1.33741,-0.03946,0.32109,0.89830,0.00000,0.00000,0.07415,1.75000,0.32959,0.00000,0.51293,0.51667,0.62551
A.N.149.T,N149T,N149,wt,kcal/mol,ref2015_cart,-285.70306,-466.56190,35.72755,254.97585,0.69320,12.91088,-21.57211,-120.35000,-15.00204,-22.09320,-17.80782,-9.75680,0.00000,0.24490,59.45408,-20.21905,0.01088,19.52109,-3.63639,27.75816
A.N.149.T,N149T,N149,mut,kcal/mol,ref2015_cart,-285.80306,-467.80816,35.73571,256.24116,0.69456,12.88333,-21.69796,-120.82483,-15.00204,-22.08299,-17.96224,-10.20748,0.00000,0.25748,59.19490,-20.17721,0.01088,20.36871,-3.33776,27.91020
A.N.149.T,N149T,N149,ddg,kcal/mol,ref2015_cart,-0.10000,-1.24626,0.00816,1.26531,0.00136,-0.02755,-0.12585,-0.47483,0.00000,0.01020,-0.15442,-0.45068,0.00000,0.01259,-0.25918,0.04184,0.00000,0.84762,0.29864,0.15204
A.K.155.Q,K155Q,K155,wt,kcal/mol,ref2015_cart,-285.73844,-466.63401,35.68537,254.99082,0.69286,12.90918,-21.59728,-120.32177,-15.00952,-22.09048,-17.79490,-9.75782,0.00000,0.24694,59.50646,-20.22347,0.01054,19.52109,-3.63469,27.76259
A.K.155.Q,K155Q,K155,mut,kcal/mol,ref2015_cart,-285.50714,-466.38503,35.57959,255.03503,0.69422,13.03435,-21.63878,-120.40850,-15.00952,-22.14014,-17.80986,-9.75952,0.00000,0.20238,59.87959,-20.21735,0.01054,19.27075,-3.52449,27.67959
A.K.155.Q,K155Q,K155,ddg,kcal/mol,ref2015_cart,0.23129,0.24898,-0.10578,0.04422,0.00136,0.12517,-0.04150,-0.08673,0.00000,-0.04966,-0.01497,-0.00170,0.00000,-0.04456,0.37313,0.00612,0.00000,-0.25034,0.11020,-0.08299
A.G.162.V,G162V,G162,wt,kcal/mol,ref2015_cart,-285.71599,-466.49388,35.73061,254.91633,0.69422,12.91156,-21.52415,-120.38333,-15.00952,-22.08741,-17.80374,-9.75850,0.00000,0.24762,59.42891,-20.22381,0.01054,19.52109,-3.62551,27.73367
A.G.162.V,G162V,G162,mut,kcal/mol,ref2015_cart,-281.37313,-467.16599,36.21531,253.48980,0.69966,12.88776,-21.68980,-117.65918,-15.00952,-21.63265,-17.82585,-9.73707,0.00000,0.44796,59.52721,-19.61361,0.01020,20.14864,-3.14422,28.67891
A.G.162.V,G162V,G162,ddg,kcal/mol,ref2015_cart,4.34286,-0.67211,0.48469,-1.42653,0.00544,-0.02381,-0.16565,2.72415,0.00000,0.45476,-0.02211,0.02143,0.00000,0.20034,0.09830,0.61020,-0.00034,0.62755,0.48129,0.94524
